Medición;Fecha;Estación_año;Año;Mes;Feriado;Día_semana;Día_laboral;Clima;Temperatura;Sensación_térmica;Humedad;Velocidad_viento;Usuarios_casuales;Usuarios_registrados;Ventas;Pib;Pib_cápita;Var_IPC_anual[%];Fecha
1;2011-01-01;1;0;1;0;6;0;2;14,1;18,2;80,6;10,7;331,0;654,0;985,0;44693,0;4100,0;3,60;2011-01-01
2;2011-01-02;1;0;1;0;0;0;2;14,9;17,7;69,6;16,7;131,0;670,0;801,0;44693,0;4100,0;3,60;2011-01-02
3;2011-01-03;1;0;1;0;1;1;1;8,1;9,5;43,7;16,6;120,0;1229,0;1349,0;44693,0;4100,0;3,60;2011-01-03
4;2011-01-04;1;0;1;0;2;1;1;8,2;10,6;59,0;10,7;108,0;1454,0;1562,0;44693,0;4100,0;3,60;2011-01-04
5;2011-01-05;1;0;1;0;3;1;1;9,3;11,5;43,7;12,5;82,0;1518,0;1600,0;44693,0;4100,0;3,60;2011-01-05
6;2011-01-06;1;0;1;0;4;1;1;8,4;11,7;51,8;6,0;88,0;1518,0;1606,0;44693,0;4100,0;3,60;2011-01-06
7;2011-01-07;1;0;1;0;5;1;2;8,1;10,4;49,9;11,3;148,0;1362,0;1510,0;44693,0;4100,0;3,60;2011-01-07
8;2011-01-08;1;0;1;0;6;0;2;6,8;8,1;53,6;17,9;68,0;891,0;959,0;44693,0;4100,0;3,60;2011-01-08
9;2011-01-09;1;0;1;0;0;0;1;5,7;5,8;43,4;24,3;54,0;768,0;822,0;44693,0;4100,0;3,60;2011-01-09
10;2011-01-10;1;0;1;0;1;1;1;6,2;7,5;48,3;15,0;41,0;1280,0;1321,0;44693,0;4100,0;3,60;2011-01-10
11;2011-01-11;1;0;1;0;2;1;2;6,9;9,6;68,6;8,2;43,0;1220,0;1263,0;44693,0;4100,0;3,60;2011-01-11
12;2011-01-12;1;0;1;0;3;1;1;7,1;8,0;60,0;20,4;25,0;1137,0;1162,0;44693,0;4100,0;3,60;2011-01-12
13;2011-01-13;1;0;1;0;4;1;1;6,8;7,5;47,0;20,2;38,0;1368,0;1406,0;44693,0;4100,0;3,60;2011-01-13
14;2011-01-14;1;0;1;0;5;1;1;6,6;9,4;53,8;8,5;54,0;1367,0;1421,0;44693,0;4100,0;3,60;2011-01-14
15;2011-01-15;1;0;1;0;6;0;2;9,6;12,4;49,9;10,6;222,0;1026,0;1248,0;44693,0;4100,0;3,60;2011-01-15
16;2011-01-16;1;0;1;0;0;0;1;9,5;11,7;48,4;12,6;251,0;953,0;1204,0;44693,0;4100,0;3,60;2011-01-16
17;2011-01-17;1;0;1;1;1;0;2;7,2;8,8;53,8;13,0;117,0;883,0;1000,0;44693,0;4100,0;3,60;2011-01-17
18;2011-01-18;1;0;1;0;2;1;2;8,9;11,6;86,2;9,8;9,0;674,0;683,0;44693,0;4100,0;3,60;2011-01-18
19;2011-01-19;1;0;1;0;3;1;2;12,0;14,9;74,2;14,0;78,0;1572,0;1650,0;44693,0;4100,0;3,60;2011-01-19
20;2011-01-20;1;0;1;0;4;1;2;10,7;12,8;53,8;13,1;83,0;1844,0;1927,0;44693,0;4100,0;3,60;2011-01-20
21;2011-01-21;1;0;1;0;5;1;1;7,3;7,9;45,7;23,7;75,0;1468,0;1543,0;44693,0;4100,0;3,60;2011-01-21
22;2011-01-22;1;0;1;0;6;0;1;2,4;4,0;40,0;11,5;93,0;888,0;981,0;44693,0;4100,0;3,60;2011-01-22
23;2011-01-23;1;0;1;0;0;0;1;4,0;4,9;43,7;16,5;150,0;836,0;986,0;44693,0;4100,0;3,60;2011-01-23
24;2011-01-24;1;0;1;0;1;1;1;4,0;5,9;49,2;10,6;86,0;1330,0;1416,0;44693,0;4100,0;3,60;2011-01-24
25;2011-01-25;1;0;1;0;2;1;2;9,2;11,7;61,7;8,7;186,0;1799,0;1985,0;44693,0;4100,0;3,60;2011-01-25
26;2011-01-26;1;0;1;0;3;1;3;8,9;10,2;86,3;19,7;34,0;472,0;506,0;44693,0;4100,0;3,60;2011-01-26
27;2011-01-27;1;0;1;0;4;1;1;8,0;11,0;68,8;7,6;15,0;416,0;431,0;44693,0;4100,0;3,60;2011-01-27
28;2011-01-28;1;0;1;0;5;1;2;8,3;11,2;79,3;8,3;38,0;1129,0;1167,0;44693,0;4100,0;3,60;2011-01-28
29;2011-01-29;1;0;1;0;6;0;1;8,1;10,6;65,2;9,7;123,0;975,0;1098,0;44693,0;4100,0;3,60;2011-01-29
30;2011-01-30;1;0;1;0;0;0;1;8,9;12,5;72,2;5,0;140,0;956,0;1096,0;44693,0;4100,0;3,60;2011-01-30
31;2011-01-31;1;0;1;0;1;1;2;7,4;9,3;60,4;12,5;42,0;1459,0;1501,0;44693,0;4100,0;3,60;2011-01-31
32;2011-02-01;1;0;2;0;2;1;2;7,9;11,7;83,0;3,6;47,0;1313,0;1360,0;44693,0;4100,0;3,56;2011-02-01
33;2011-02-02;1;0;2;0;3;1;2;10,7;12,7;77,5;17,7;72,0;1454,0;1526,0;44693,0;4100,0;3,56;2011-02-02
34;2011-02-03;1;0;2;0;4;1;1;7,7;8,9;43,8;18,6;61,0;1489,0;1550,0;44693,0;4100,0;3,56;2011-02-03
35;2011-02-04;1;0;2;0;5;1;2;8,7;11,4;58,5;8,6;88,0;1620,0;1708,0;44693,0;4100,0;3,56;2011-02-04
36;2011-02-05;1;0;2;0;6;0;2;9,6;12,2;92,9;10,8;100,0;905,0;1005,0;44693,0;4100,0;3,56;2011-02-05
37;2011-02-06;1;0;2;0;0;0;1;11,7;14,6;56,8;9,5;354,0;1269,0;1623,0;44693,0;4100,0;3,56;2011-02-06
38;2011-02-07;1;0;2;0;1;1;1;11,1;15,2;73,8;3,0;120,0;1592,0;1712,0;44693,0;4100,0;3,56;2011-02-07
39;2011-02-08;1;0;2;0;2;1;1;9,1;9,9;53,8;24,3;64,0;1466,0;1530,0;44693,0;4100,0;3,56;2011-02-08
40;2011-02-09;1;0;2;0;3;1;2;5,5;7,2;49,5;12,7;53,0;1552,0;1605,0;44693,0;4100,0;3,56;2011-02-09
41;2011-02-10;1;0;2;0;4;1;1;5,9;7,5;43,7;14,9;47,0;1491,0;1538,0;44693,0;4100,0;3,56;2011-02-10
42;2011-02-11;1;0;2;0;5;1;1;7,8;10,7;50,6;7,3;149,0;1597,0;1746,0;44693,0;4100,0;3,56;2011-02-11
43;2011-02-12;1;0;2;0;6;0;1;9,1;11,6;54,4;13,6;288,0;1184,0;1472,0;44693,0;4100,0;3,56;2011-02-12
44;2011-02-13;1;0;2;0;0;0;1;13,0;16,2;45,7;17,5;397,0;1192,0;1589,0;44693,0;4100,0;3,56;2011-02-13
45;2011-02-14;1;0;2;0;1;1;1;17,0;19,9;37,6;28,0;208,0;1705,0;1913,0;44693,0;4100,0;3,56;2011-02-14
46;2011-02-15;1;0;2;0;2;1;1;10,9;12,7;31,4;19,5;140,0;1675,0;1815,0;44693,0;4100,0;3,56;2011-02-15
47;2011-02-16;1;0;2;0;3;1;1;13,0;15,8;42,3;16,9;218,0;1897,0;2115,0;44693,0;4100,0;3,56;2011-02-16
48;2011-02-17;1;0;2;0;4;1;1;17,9;21,4;50,5;15,4;259,0;2216,0;2475,0;44693,0;4100,0;3,56;2011-02-17
49;2011-02-18;1;0;2;0;5;1;1;21,4;25,6;51,7;17,7;579,0;2348,0;2927,0;44693,0;4100,0;3,56;2011-02-18
50;2011-02-19;1;0;2;0;6;0;1;16,4;19,6;18,8;34,0;532,0;1103,0;1635,0;44693,0;4100,0;3,56;2011-02-19
51;2011-02-20;1;0;2;0;0;0;1;11,7;13,9;40,8;15,0;639,0;1173,0;1812,0;44693,0;4100,0;3,56;2011-02-20
52;2011-02-21;1;0;2;1;1;0;2;12,4;14,2;60,5;20,6;195,0;912,0;1107,0;44693,0;4100,0;3,56;2011-02-21
53;2011-02-22;1;0;2;0;2;1;1;7,5;9,3;57,8;13,1;74,0;1376,0;1450,0;44693,0;4100,0;3,56;2011-02-22
54;2011-02-23;1;0;2;0;3;1;1;9,1;12,3;42,3;6,3;139,0;1778,0;1917,0;44693,0;4100,0;3,56;2011-02-23
55;2011-02-24;1;0;2;0;4;1;2;12,1;14,5;69,7;16,8;100,0;1707,0;1807,0;44693,0;4100,0;3,56;2011-02-24
56;2011-02-25;1;0;2;0;5;1;2;14,9;17,5;71,2;23,2;120,0;1341,0;1461,0;44693,0;4100,0;3,56;2011-02-25
57;2011-02-26;1;0;2;0;6;0;1;11,6;14,1;53,8;12,5;424,0;1545,0;1969,0;44693,0;4100,0;3,56;2011-02-26
58;2011-02-27;1;0;2;0;0;0;1;14,1;17,6;68,0;8,4;694,0;1708,0;2402,0;44693,0;4100,0;3,56;2011-02-27
59;2011-02-28;1;0;2;0;1;1;2;16,7;20,0;87,6;19,4;81,0;1365,0;1446,0;44693,0;4100,0;3,56;2011-02-28
60;2011-03-01;1;0;3;0;2;1;1;10,9;13,2;53,5;14,5;137,0;1714,0;1851,0;44693,0;4100,0;4,02;2011-03-01
61;2011-03-02;1;0;3;0;3;1;1;13,7;16,0;45,0;20,6;231,0;1903,0;2134,0;44693,0;4100,0;4,02;2011-03-02
62;2011-03-03;1;0;3;0;4;1;1;8,1;10,0;31,8;15,1;123,0;1562,0;1685,0;44693,0;4100,0;4,02;2011-03-03
63;2011-03-04;1;0;3;0;5;1;2;10,7;12,8;61,0;13,6;214,0;1730,0;1944,0;44693,0;4100,0;4,02;2011-03-04
64;2011-03-05;1;0;3;0;6;0;2;15,8;18,9;78,9;16,9;640,0;1437,0;2077,0;44693,0;4100,0;4,02;2011-03-05
65;2011-03-06;1;0;3;0;0;0;2;15,4;18,3;94,8;23,0;114,0;491,0;605,0;44693,0;4100,0;4,02;2011-03-06
66;2011-03-07;1;0;3;0;1;1;1;10,7;11,9;55,1;22,9;244,0;1628,0;1872,0;44693,0;4100,0;4,02;2011-03-07
67;2011-03-08;1;0;3;0;2;1;1;12,0;15,1;42,1;8,1;316,0;1817,0;2133,0;44693,0;4100,0;4,02;2011-03-08
68;2011-03-09;1;0;3;0;3;1;2;12,1;14,3;77,5;14,8;191,0;1700,0;1891,0;44693,0;4100,0;4,02;2011-03-09
69;2011-03-10;1;0;3;0;4;1;3;16,0;19,3;0,0;17,5;46,0;577,0;623,0;44693,0;4100,0;4,02;2011-03-10
70;2011-03-11;1;0;3;0;5;1;2;13,0;15,3;65,0;15,6;247,0;1730,0;1977,0;44693,0;4100,0;4,02;2011-03-11
71;2011-03-12;1;0;3;0;6;0;1;13,5;16,3;59,5;14,8;724,0;1408,0;2132,0;44693,0;4100,0;4,02;2011-03-12
72;2011-03-13;1;0;3;0;0;0;1;15,8;19,0;52,7;18,1;982,0;1435,0;2417,0;44693,0;4100,0;4,02;2011-03-13
73;2011-03-14;1;0;3;0;1;1;1;13,3;16,6;49,7;9,2;359,0;1687,0;2046,0;44693,0;4100,0;4,02;2011-03-14
74;2011-03-15;1;0;3;0;2;1;2;13,0;15,9;65,6;12,3;289,0;1767,0;2056,0;44693,0;4100,0;4,02;2011-03-15
75;2011-03-16;1;0;3;0;3;1;2;15,0;18,3;77,7;13,6;321,0;1871,0;2192,0;44693,0;4100,0;4,02;2011-03-16
76;2011-03-17;1;0;3;0;4;1;1;17,0;20,5;60,3;14,0;424,0;2320,0;2744,0;44693,0;4100,0;4,02;2011-03-17
77;2011-03-18;1;0;3;0;5;1;1;22,1;26,4;52,5;15,5;884,0;2355,0;3239,0;44693,0;4100,0;4,02;2011-03-18
78;2011-03-19;1;0;3;0;6;0;1;19,4;23,3;37,9;24,7;1424,0;1693,0;3117,0;44693,0;4100,0;4,02;2011-03-19
79;2011-03-20;1;0;3;0;0;0;1;13,6;16,3;47,4;13,9;1047,0;1424,0;2471,0;44693,0;4100,0;4,02;2011-03-20
80;2011-03-21;2;0;3;0;1;1;2;17,6;20,5;73,7;19,3;401,0;1676,0;2077,0;44693,0;4100,0;4,02;2011-03-21
81;2011-03-22;2;0;3;0;2;1;1;18,1;22,0;62,5;15,1;460,0;2243,0;2703,0;44693,0;4100,0;4,02;2011-03-22
82;2011-03-23;2;0;3;0;3;1;2;14,2;16,9;84,0;15,7;203,0;1918,0;2121,0;44693,0;4100,0;4,02;2011-03-23
83;2011-03-24;2;0;3;0;4;1;2;11,7;13,5;80,6;16,3;166,0;1699,0;1865,0;44693,0;4100,0;4,02;2011-03-24
84;2011-03-25;2;0;3;0;5;1;1;10,8;12,8;49,5;15,5;300,0;1910,0;2210,0;44693,0;4100,0;4,02;2011-03-25
85;2011-03-26;2;0;3;0;6;0;1;10,9;12,9;39,4;14,0;981,0;1515,0;2496,0;44693,0;4100,0;4,02;2011-03-26
86;2011-03-27;2;0;3;0;0;0;2;10,4;12,5;49,4;12,3;472,0;1221,0;1693,0;44693,0;4100,0;4,02;2011-03-27
87;2011-03-28;2;0;3;0;1;1;1;10,8;12,9;30,2;14,2;222,0;1806,0;2028,0;44693,0;4100,0;4,02;2011-03-28
88;2011-03-29;2;0;3;0;2;1;1;12,4;14,6;31,4;15,2;317,0;2108,0;2425,0;44693,0;4100,0;4,02;2011-03-29
89;2011-03-30;2;0;3;0;3;1;2;12,3;14,9;64,7;11,6;168,0;1368,0;1536,0;44693,0;4100,0;4,02;2011-03-30
90;2011-03-31;2;0;3;0;4;1;3;11,0;12,9;91,8;14,6;179,0;1506,0;1685,0;44693,0;4100,0;4,02;2011-03-31
91;2011-04-01;2;0;4;0;5;1;2;12,3;14,2;68,6;17,3;307,0;1920,0;2227,0;44238,0;4000,0;4,04;2011-04-01
92;2011-04-02;2;0;4;0;6;0;2;12,9;15,8;65,4;13,2;898,0;1354,0;2252,0;44238,0;4000,0;4,04;2011-04-02
93;2011-04-03;2;0;4;0;0;0;1;15,5;18,9;48,0;12,2;1651,0;1598,0;3249,0;44238,0;4000,0;4,04;2011-04-03
94;2011-04-04;2;0;4;0;1;1;1;23,5;27,1;42,6;25,8;734,0;2381,0;3115,0;44238,0;4000,0;4,04;2011-04-04
95;2011-04-05;2;0;4;0;2;1;2;17,0;19,9;64,2;26,0;167,0;1628,0;1795,0;44238,0;4000,0;4,04;2011-04-05
96;2011-04-06;2;0;4;0;3;1;1;16,0;19,4;47,1;17,6;413,0;2395,0;2808,0;44238,0;4000,0;4,04;2011-04-06
97;2011-04-07;2;0;4;0;4;1;1;17,9;21,7;60,3;10,9;571,0;2570,0;3141,0;44238,0;4000,0;4,04;2011-04-07
98;2011-04-08;2;0;4;0;5;1;2;13,8;16,2;83,6;15,2;172,0;1299,0;1471,0;44238,0;4000,0;4,04;2011-04-08
99;2011-04-09;2;0;4;0;6;0;2;14,0;17,1;87,8;8,9;879,0;1576,0;2455,0;44238,0;4000,0;4,04;2011-04-09
100;2011-04-10;2;0;4;0;0;0;2;17,5;21,3;85,8;9,8;1188,0;1707,0;2895,0;44238,0;4000,0;4,04;2011-04-10
101;2011-04-11;2;0;4;0;1;1;2;24,4;28,3;71,7;21,7;855,0;2493,0;3348,0;44238,0;4000,0;4,04;2011-04-11
102;2011-04-12;2;0;4;0;2;1;2;20,6;24,7;73,9;18,4;257,0;1777,0;2034,0;44238,0;4000,0;4,04;2011-04-12
103;2011-04-13;2;0;4;0;3;1;2;16,9;20,9;81,9;16,8;209,0;1953,0;2162,0;44238,0;4000,0;4,04;2011-04-13
104;2011-04-14;2;0;4;0;4;1;1;19,2;23,1;54,0;7,4;529,0;2738,0;3267,0;44238,0;4000,0;4,04;2011-04-14
105;2011-04-15;2;0;4;1;5;0;1;18,3;22,1;67,1;15,2;642,0;2484,0;3126,0;44238,0;4000,0;4,04;2011-04-15
106;2011-04-16;2;0;4;0;6;0;3;17,7;21,3;88,8;22,8;121,0;674,0;795,0;44238,0;4000,0;4,04;2011-04-16
107;2011-04-17;2;0;4;0;0;0;1;18,7;22,3;48,0;20,3;1558,0;2186,0;3744,0;44238,0;4000,0;4,04;2011-04-17
108;2011-04-18;2;0;4;0;1;1;1;21,0;25,2;54,3;11,0;669,0;2760,0;3429,0;44238,0;4000,0;4,04;2011-04-18
109;2011-04-19;2;0;4;0;2;1;2;20,7;24,5;66,6;10,6;409,0;2795,0;3204,0;44238,0;4000,0;4,04;2011-04-19
110;2011-04-20;2;0;4;0;3;1;1;24,4;28,2;61,4;16,2;613,0;3331,0;3944,0;44238,0;4000,0;4,04;2011-04-20
111;2011-04-21;2;0;4;0;4;1;1;18,8;22,7;40,7;21,8;745,0;3444,0;4189,0;44238,0;4000,0;4,04;2011-04-21
112;2011-04-22;2;0;4;0;5;1;2;13,8;16,1;73,0;14,7;177,0;1506,0;1683,0;44238,0;4000,0;4,04;2011-04-22
113;2011-04-23;2;0;4;0;6;0;2;18,9;22,5;88,8;15,5;1462,0;2574,0;4036,0;44238,0;4000,0;4,04;2011-04-23
114;2011-04-24;2;0;4;0;0;0;2;23,8;27,6;81,1;12,9;1710,0;2481,0;4191,0;44238,0;4000,0;4,04;2011-04-24
115;2011-04-25;2;0;4;0;1;1;1;24,9;28,7;77,7;12,4;773,0;3300,0;4073,0;44238,0;4000,0;4,04;2011-04-25
116;2011-04-26;2;0;4;0;2;1;1;25,9;29,7;72,9;21,9;678,0;3722,0;4400,0;44238,0;4000,0;4,04;2011-04-26
117;2011-04-27;2;0;4;0;3;1;2;25,4;28,8;83,5;20,9;547,0;3325,0;3872,0;44238,0;4000,0;4,04;2011-04-27
118;2011-04-28;2;0;4;0;4;1;2;25,3;28,9;70,1;21,5;569,0;3489,0;4058,0;44238,0;4000,0;4,04;2011-04-28
119;2011-04-29;2;0;4;0;5;1;1;20,9;24,9;45,7;16,1;878,0;3717,0;4595,0;44238,0;4000,0;4,04;2011-04-29
120;2011-04-30;2;0;4;0;6;0;1;19,4;23,2;50,3;15,8;1965,0;3347,0;5312,0;44238,0;4000,0;4,04;2011-04-30
121;2011-05-01;2;0;5;0;0;0;2;18,5;22,4;76,2;7,1;1138,0;2213,0;3351,0;44238,0;4000,0;3,84;2011-05-01
122;2011-05-02;2;0;5;0;1;1;2;22,5;26,6;73,0;12,3;847,0;3554,0;4401,0;44238,0;4000,0;3,84;2011-05-02
123;2011-05-03;2;0;5;0;2;1;2;25,3;29,1;69,7;23,0;603,0;3848,0;4451,0;44238,0;4000,0;3,84;2011-05-03
124;2011-05-04;2;0;5;0;3;1;2;17,0;20,2;73,7;22,0;255,0;2378,0;2633,0;44238,0;4000,0;3,84;2011-05-04
125;2011-05-05;2;0;5;0;4;1;1;18,8;22,1;44,4;19,8;614,0;3819,0;4433,0;44238,0;4000,0;3,84;2011-05-05
126;2011-05-06;2;0;5;0;5;1;1;19,6;23,7;59,0;15,3;894,0;3714,0;4608,0;44238,0;4000,0;3,84;2011-05-06
127;2011-05-07;2;0;5;0;6;0;1;21,3;25,6;54,1;10,8;1612,0;3102,0;4714,0;44238,0;4000,0;3,84;2011-05-07
128;2011-05-08;2;0;5;0;0;0;1;21,7;25,9;63,2;5,0;1401,0;2932,0;4333,0;44238,0;4000,0;3,84;2011-05-08
129;2011-05-09;2;0;5;0;1;1;1;21,8;26,3;58,9;11,8;664,0;3698,0;4362,0;44238,0;4000,0;3,84;2011-05-09
130;2011-05-10;2;0;5;0;2;1;1;21,8;26,1;48,9;7,7;694,0;4109,0;4803,0;44238,0;4000,0;3,84;2011-05-10
131;2011-05-11;2;0;5;0;3;1;1;22,2;26,4;63,3;8,1;550,0;3632,0;4182,0;44238,0;4000,0;3,84;2011-05-11
132;2011-05-12;2;0;5;0;4;1;1;21,9;26,2;74,8;12,7;695,0;4169,0;4864,0;44238,0;4000,0;3,84;2011-05-12
133;2011-05-13;2;0;5;0;5;1;2;21,0;24,7;86,3;12,0;692,0;3413,0;4105,0;44238,0;4000,0;3,84;2011-05-13
134;2011-05-14;2;0;5;0;6;0;2;21,4;25,0;92,3;9,0;902,0;2507,0;3409,0;44238,0;4000,0;3,84;2011-05-14
135;2011-05-15;2;0;5;0;0;0;2;23,1;26,8;86,7;10,2;1582,0;2971,0;4553,0;44238,0;4000,0;3,84;2011-05-15
136;2011-05-16;2;0;5;0;1;1;1;23,7;27,5;78,8;8,5;773,0;3185,0;3958,0;44238,0;4000,0;3,84;2011-05-16
137;2011-05-17;2;0;5;0;2;1;2;23,0;26,9;83,8;18,6;678,0;3445,0;4123,0;44238,0;4000,0;3,84;2011-05-17
138;2011-05-18;2;0;5;0;3;1;2;22,6;26,4;87,0;13,5;536,0;3319,0;3855,0;44238,0;4000,0;3,84;2011-05-18
139;2011-05-19;2;0;5;0;4;1;2;21,8;25,5;83,0;7,3;735,0;3840,0;4575,0;44238,0;4000,0;3,84;2011-05-19
140;2011-05-20;2;0;5;0;5;1;1;22,0;26,5;72,0;8,4;909,0;4008,0;4917,0;44238,0;4000,0;3,84;2011-05-20
141;2011-05-21;2;0;5;0;6;0;1;24,7;28,6;62,7;8,1;2258,0;3547,0;5805,0;44238,0;4000,0;3,84;2011-05-21
142;2011-05-22;2;0;5;0;0;0;1;24,8;28,7;75,0;9,9;1576,0;3084,0;4660,0;44238,0;4000,0;3,84;2011-05-22
143;2011-05-23;2;0;5;0;1;1;2;25,9;29,5;81,0;15,7;836,0;3438,0;4274,0;44238,0;4000,0;3,84;2011-05-23
144;2011-05-24;2;0;5;0;2;1;2;27,1;30,2;74,1;13,9;659,0;3833,0;4492,0;44238,0;4000,0;3,84;2011-05-24
145;2011-05-25;2;0;5;0;3;1;1;27,1;30,8;69,6;10,3;740,0;4238,0;4978,0;44238,0;4000,0;3,84;2011-05-25
146;2011-05-26;2;0;5;0;4;1;1;29,0;32,7;67,8;13,4;758,0;3919,0;4677,0;44238,0;4000,0;3,84;2011-05-26
147;2011-05-27;2;0;5;0;5;1;1;27,9;31,9;65,4;16,1;871,0;3808,0;4679,0;44238,0;4000,0;3,84;2011-05-27
148;2011-05-28;2;0;5;0;6;0;1;26,9;30,6;73,0;15,4;2001,0;2757,0;4758,0;44238,0;4000,0;3,84;2011-05-28
149;2011-05-29;2;0;5;0;0;0;1;27,4;30,8;81,9;14,3;2355,0;2433,0;4788,0;44238,0;4000,0;3,84;2011-05-29
150;2011-05-30;2;0;5;1;1;0;1;30,1;33,6;68,5;8,8;1549,0;2549,0;4098,0;44238,0;4000,0;3,84;2011-05-30
151;2011-05-31;2;0;5;0;2;1;1;31,8;36,3;63,7;7,5;673,0;3309,0;3982,0;44238,0;4000,0;3,84;2011-05-31
152;2011-06-01;2;0;6;0;3;1;2;31,3;36,0;67,7;13,9;513,0;3461,0;3974,0;44238,0;4000,0;3,41;2011-06-01
153;2011-06-02;2;0;6;0;4;1;1;29,3;32,2;30,5;19,6;736,0;4232,0;4968,0;44238,0;4000,0;3,41;2011-06-02
154;2011-06-03;2;0;6;0;5;1;1;25,4;29,4;35,4;17,0;898,0;4414,0;5312,0;44238,0;4000,0;3,41;2011-06-03
155;2011-06-04;2;0;6;0;6;0;1;26,0;29,7;45,6;8,3;1869,0;3473,0;5342,0;44238,0;4000,0;3,41;2011-06-04
156;2011-06-05;2;0;6;0;0;0;2;26,6;30,8;65,3;9,3;1685,0;3221,0;4906,0;44238,0;4000,0;3,41;2011-06-05
157;2011-06-06;2;0;6;0;1;1;1;27,8;31,1;60,0;8,2;673,0;3875,0;4548,0;44238,0;4000,0;3,41;2011-06-06
158;2011-06-07;2;0;6;0;2;1;1;29,0;32,8;59,8;12,6;763,0;4070,0;4833,0;44238,0;4000,0;3,41;2011-06-07
159;2011-06-08;2;0;6;0;3;1;1;31,8;36,4;62,2;9,2;676,0;3725,0;4401,0;44238,0;4000,0;3,41;2011-06-08
160;2011-06-09;2;0;6;0;4;1;2;33,1;37,9;56,8;10,0;563,0;3352,0;3915,0;44238,0;4000,0;3,41;2011-06-09
161;2011-06-10;2;0;6;0;5;1;1;31,0;35,2;60,5;9,4;815,0;3771,0;4586,0;44238,0;4000,0;3,41;2011-06-10
162;2011-06-11;2;0;6;0;6;0;1;29,7;33,9;65,5;10,4;1729,0;3237,0;4966,0;44238,0;4000,0;3,41;2011-06-11
163;2011-06-12;2;0;6;0;0;0;1;28,4;32,2;74,8;11,0;1467,0;2993,0;4460,0;44238,0;4000,0;3,41;2011-06-12
164;2011-06-13;2;0;6;0;1;1;1;26,0;30,1;49,5;20,5;863,0;4157,0;5020,0;44238,0;4000,0;3,41;2011-06-13
165;2011-06-14;2;0;6;0;2;1;1;24,8;29,6;50,7;18,0;727,0;4164,0;4891,0;44238,0;4000,0;3,41;2011-06-14
166;2011-06-15;2;0;6;0;3;1;1;25,7;29,4;47,2;11,3;769,0;4411,0;5180,0;44238,0;4000,0;3,41;2011-06-15
167;2011-06-16;2;0;6;0;4;1;2;25,8;29,8;68,8;13,8;545,0;3222,0;3767,0;44238,0;4000,0;3,41;2011-06-16
168;2011-06-17;2;0;6;0;5;1;1;26,6;30,0;73,6;9,6;863,0;3981,0;4844,0;44238,0;4000,0;3,41;2011-06-17
169;2011-06-18;2;0;6;0;6;0;1;28,6;32,2;67,0;8,0;1807,0;3312,0;5119,0;44238,0;4000,0;3,41;2011-06-18
170;2011-06-19;2;0;6;0;0;0;2;28,7;32,3;66,7;6,8;1639,0;3105,0;4744,0;44238,0;4000,0;3,41;2011-06-19
171;2011-06-20;2;0;6;0;1;1;2;26,0;29,8;74,6;10,4;699,0;3311,0;4010,0;44238,0;4000,0;3,41;2011-06-20
172;2011-06-21;3;0;6;0;2;1;2;27,9;31,9;77,0;11,5;774,0;4061,0;4835,0;44238,0;4000,0;3,41;2011-06-21
173;2011-06-22;3;0;6;0;3;1;1;30,1;34,7;70,8;11,5;661,0;3846,0;4507,0;44238,0;4000,0;3,41;2011-06-22
174;2011-06-23;3;0;6;0;4;1;2;29,9;34,7;70,3;16,0;746,0;4044,0;4790,0;44238,0;4000,0;3,41;2011-06-23
175;2011-06-24;3;0;6;0;5;1;1;29,7;32,8;57,3;14,9;969,0;4022,0;4991,0;44238,0;4000,0;3,41;2011-06-24
176;2011-06-25;3;0;6;0;6;0;1;28,5;32,2;48,3;14,0;1782,0;3420,0;5202,0;44238,0;4000,0;3,41;2011-06-25
177;2011-06-26;3;0;6;0;0;0;1;27,9;31,9;51,3;6,3;1920,0;3385,0;5305,0;44238,0;4000,0;3,41;2011-06-26
178;2011-06-27;3;0;6;0;1;1;2;28,0;31,9;65,8;7,2;854,0;3854,0;4708,0;44238,0;4000,0;3,41;2011-06-27
179;2011-06-28;3;0;6;0;2;1;1;30,5;34,6;63,4;9,7;732,0;3916,0;4648,0;44238,0;4000,0;3,41;2011-06-28
180;2011-06-29;3;0;6;0;3;1;1;29,9;32,7;49,8;17,5;848,0;4377,0;5225,0;44238,0;4000,0;3,41;2011-06-29
181;2011-06-30;3;0;6;0;4;1;1;28,6;31,9;43,4;12,4;1027,0;4488,0;5515,0;44238,0;4000,0;3,41;2011-06-30
182;2011-07-01;3;0;7;0;5;1;1;29,6;32,6;39,6;6,9;1246,0;4116,0;5362,0;44011,0;4000,0;3,15;2011-07-01
183;2011-07-02;3;0;7;0;6;0;1;30,3;33,4;44,5;7,7;2204,0;2915,0;5119,0;44011,0;4000,0;3,15;2011-07-02
184;2011-07-03;3;0;7;0;0;0;2;29,4;33,4;68,3;15,3;2282,0;2367,0;4649,0;44011,0;4000,0;3,15;2011-07-03
185;2011-07-04;3;0;7;1;1;0;2;29,8;33,3;63,8;5,5;3065,0;2978,0;6043,0;44011,0;4000,0;3,15;2011-07-04
186;2011-07-05;3;0;7;0;2;1;1;30,6;34,8;59,0;8,5;1031,0;3634,0;4665,0;44011,0;4000,0;3,15;2011-07-05
187;2011-07-06;3;0;7;0;3;1;1;29,5;34,3;74,3;10,0;784,0;3845,0;4629,0;44011,0;4000,0;3,15;2011-07-06
188;2011-07-07;3;0;7;0;4;1;1;30,8;34,3;65,1;10,7;754,0;3838,0;4592,0;44011,0;4000,0;3,15;2011-07-07
189;2011-07-08;3;0;7;0;5;1;2;29,1;33,5;75,8;15,1;692,0;3348,0;4040,0;44011,0;4000,0;3,15;2011-07-08
190;2011-07-09;3;0;7;0;6;0;1;30,1;33,2;60,9;11,3;1988,0;3348,0;5336,0;44011,0;4000,0;3,15;2011-07-09
191;2011-07-10;3;0;7;0;0;0;1;30,6;34,5;57,8;12,3;1743,0;3138,0;4881,0;44011,0;4000,0;3,15;2011-07-10
192;2011-07-11;3;0;7;0;1;1;1;31,3;36,5;63,6;18,9;723,0;3363,0;4086,0;44011,0;4000,0;3,15;2011-07-11
193;2011-07-12;3;0;7;0;2;1;1;32,6;37,0;55,9;13,4;662,0;3596,0;4258,0;44011,0;4000,0;3,15;2011-07-12
194;2011-07-13;3;0;7;0;3;1;1;30,6;34,5;63,2;9,8;748,0;3594,0;4342,0;44011,0;4000,0;3,15;2011-07-13
195;2011-07-14;3;0;7;0;4;1;1;27,9;31,8;47,6;16,1;888,0;4196,0;5084,0;44011,0;4000,0;3,15;2011-07-14
196;2011-07-15;3;0;7;0;5;1;1;27,2;31,2;59,1;12,2;1318,0;4220,0;5538,0;44011,0;4000,0;3,15;2011-07-15
197;2011-07-16;3;0;7;0;6;0;1;28,2;31,9;58,5;14,0;2418,0;3505,0;5923,0;44011,0;4000,0;3,15;2011-07-16
198;2011-07-17;3;0;7;0;0;0;1;29,5;33,5;60,4;16,4;2006,0;3296,0;5302,0;44011,0;4000,0;3,15;2011-07-17
199;2011-07-18;3;0;7;0;1;1;1;30,6;35,2;65,1;14,5;841,0;3617,0;4458,0;44011,0;4000,0;3,15;2011-07-18
200;2011-07-19;3;0;7;0;2;1;1;31,8;37,4;65,0;8,8;752,0;3789,0;4541,0;44011,0;4000,0;3,15;2011-07-19
201;2011-07-20;3;0;7;0;3;1;1;31,5;37,3;70,7;7,6;644,0;3688,0;4332,0;44011,0;4000,0;3,15;2011-07-20
202;2011-07-21;3;0;7;0;4;1;2;33,4;41,3;69,1;14,9;632,0;3152,0;3784,0;44011,0;4000,0;3,15;2011-07-21
203;2011-07-22;3;0;7;0;5;1;1;34,8;42,0;58,0;8,9;562,0;2825,0;3387,0;44011,0;4000,0;3,15;2011-07-22
204;2011-07-23;3;0;7;0;6;0;1;34,8;40,2;50,0;8,8;987,0;2298,0;3285,0;44011,0;4000,0;3,15;2011-07-23
205;2011-07-24;3;0;7;0;0;0;1;34,0;39,7;55,1;11,3;1050,0;2556,0;3606,0;44011,0;4000,0;3,15;2011-07-24
206;2011-07-25;3;0;7;0;1;1;1;30,5;36,0;75,7;6,1;568,0;3272,0;3840,0;44011,0;4000,0;3,15;2011-07-25
207;2011-07-26;3;0;7;0;2;1;1;31,6;34,8;54,1;13,4;750,0;3840,0;4590,0;44011,0;4000,0;3,15;2011-07-26
208;2011-07-27;3;0;7;0;3;1;1;31,8;34,5;40,3;12,3;755,0;3901,0;4656,0;44011,0;4000,0;3,15;2011-07-27
209;2011-07-28;3;0;7;0;4;1;1;31,9;37,0;58,3;12,0;606,0;3784,0;4390,0;44011,0;4000,0;3,15;2011-07-28
210;2011-07-29;3;0;7;0;5;1;1;34,4;39,3;54,3;11,7;670,0;3176,0;3846,0;44011,0;4000,0;3,15;2011-07-29
211;2011-07-30;3;0;7;0;6;0;1;33,0;36,4;46,6;11,3;1559,0;2916,0;4475,0;44011,0;4000,0;3,15;2011-07-30
212;2011-07-31;3;0;7;0;0;0;1;33,0;36,5;48,1;11,0;1524,0;2778,0;4302,0;44011,0;4000,0;3,15;2011-07-31
213;2011-08-01;3;0;8;0;1;1;1;31,6;35,2;55,1;10,5;729,0;3537,0;4266,0;44011,0;4000,0;2,91;2011-08-01
214;2011-08-02;3;0;8;0;2;1;1;32,1;35,4;49,1;13,8;801,0;4044,0;4845,0;44011,0;4000,0;2,91;2011-08-02
215;2011-08-03;3;0;8;0;3;1;2;30,0;34,0;65,8;9,1;467,0;3107,0;3574,0;44011,0;4000,0;2,91;2011-08-03
216;2011-08-04;3;0;8;0;4;1;2;29,1;33,2;75,8;13,2;799,0;3777,0;4576,0;44011,0;4000,0;2,91;2011-08-04
217;2011-08-05;3;0;8;0;5;1;1;29,1;32,8;63,1;12,4;1023,0;3843,0;4866,0;44011,0;4000,0;2,91;2011-08-05
218;2011-08-06;3;0;8;0;6;0;2;29,4;33,8;75,5;15,3;1521,0;2773,0;4294,0;44011,0;4000,0;2,91;2011-08-06
219;2011-08-07;3;0;8;0;0;0;1;30,4;35,8;75,3;13,5;1298,0;2487,0;3785,0;44011,0;4000,0;2,91;2011-08-07
220;2011-08-08;3;0;8;0;1;1;1;31,4;35,2;59,2;12,9;846,0;3480,0;4326,0;44011,0;4000,0;2,91;2011-08-08
221;2011-08-09;3;0;8;0;2;1;1;31,8;36,2;57,0;10,1;907,0;3695,0;4602,0;44011,0;4000,0;2,91;2011-08-09
222;2011-08-10;3;0;8;0;3;1;1;31,4;34,2;42,4;13,4;884,0;3896,0;4780,0;44011,0;4000,0;2,91;2011-08-10
223;2011-08-11;3;0;8;0;4;1;1;29,4;32,6;42,4;11,0;812,0;3980,0;4792,0;44011,0;4000,0;2,91;2011-08-11
224;2011-08-12;3;0;8;0;5;1;1;29,0;32,7;41,5;8,4;1051,0;3854,0;4905,0;44011,0;4000,0;2,91;2011-08-12
225;2011-08-13;3;0;8;0;6;0;2;28,1;32,3;73,0;14,2;1504,0;2646,0;4150,0;44011,0;4000,0;2,91;2011-08-13
226;2011-08-14;3;0;8;0;0;0;2;27,7;31,2;81,8;14,9;1338,0;2482,0;3820,0;44011,0;4000,0;2,91;2011-08-14
227;2011-08-15;3;0;8;0;1;1;1;27,3;30,8;71,2;14,0;775,0;3563,0;4338,0;44011,0;4000,0;2,91;2011-08-15
228;2011-08-16;3;0;8;0;2;1;1;28,7;32,3;57,8;15,8;721,0;4004,0;4725,0;44011,0;4000,0;2,91;2011-08-16
229;2011-08-17;3;0;8;0;3;1;1;29,7;33,3;57,5;9,6;668,0;4026,0;4694,0;44011,0;4000,0;2,91;2011-08-17
230;2011-08-18;3;0;8;0;4;1;1;29,2;33,1;65,5;15,6;639,0;3166,0;3805,0;44011,0;4000,0;2,91;2011-08-18
231;2011-08-19;3;0;8;0;5;1;2;28,1;31,7;72,3;9,3;797,0;3356,0;4153,0;44011,0;4000,0;2,91;2011-08-19
232;2011-08-20;3;0;8;0;6;0;1;28,6;32,4;67,4;7,0;1914,0;3277,0;5191,0;44011,0;4000,0;2,91;2011-08-20
233;2011-08-21;3;0;8;0;0;0;1;29,1;33,8;77,0;16,7;1249,0;2624,0;3873,0;44011,0;4000,0;2,91;2011-08-21
234;2011-08-22;3;0;8;0;1;1;1;28,4;31,9;47,0;18,5;833,0;3925,0;4758,0;44011,0;4000,0;2,91;2011-08-22
235;2011-08-23;3;0;8;0;2;1;1;26,3;30,3;45,5;9,8;1281,0;4614,0;5895,0;44011,0;4000,0;2,91;2011-08-23
236;2011-08-24;3;0;8;0;3;1;1;27,6;31,5;60,5;17,0;949,0;4181,0;5130,0;44011,0;4000,0;2,91;2011-08-24
237;2011-08-25;3;0;8;0;4;1;2;28,1;32,3;77,2;14,1;435,0;3107,0;3542,0;44011,0;4000,0;2,91;2011-08-25
238;2011-08-26;3;0;8;0;5;1;1;28,7;33,0;76,1;5,6;768,0;3893,0;4661,0;44011,0;4000,0;2,91;2011-08-26
239;2011-08-27;3;0;8;0;6;0;2;27,9;31,8;85,0;25,2;226,0;889,0;1115,0;44011,0;4000,0;2,91;2011-08-27
240;2011-08-28;3;0;8;0;0;0;1;29,0;32,4;56,2;20,4;1415,0;2919,0;4334,0;44011,0;4000,0;2,91;2011-08-28
241;2011-08-29;3;0;8;0;1;1;1;26,1;30,4;55,5;10,7;729,0;3905,0;4634,0;44011,0;4000,0;2,91;2011-08-29
242;2011-08-30;3;0;8;0;2;1;1;26,2;29,7;54,8;8,4;775,0;4429,0;5204,0;44011,0;4000,0;2,91;2011-08-30
243;2011-08-31;3;0;8;0;3;1;1;26,9;30,6;59,8;5,6;688,0;4370,0;5058,0;44011,0;4000,0;2,91;2011-08-31
244;2011-09-01;3;0;9;0;4;1;1;26,9;30,7;63,9;9,5;783,0;4332,0;5115,0;44011,0;4000,0;3,56;2011-09-01
245;2011-09-02;3;0;9;0;5;1;2;26,4;30,2;72,7;9,4;875,0;3852,0;4727,0;44011,0;4000,0;3,56;2011-09-02
246;2011-09-03;3;0;9;0;6;0;1;27,4;31,7;71,7;12,4;1935,0;2549,0;4484,0;44011,0;4000,0;3,56;2011-09-03
247;2011-09-04;3;0;9;0;0;0;1;29,1;33,3;74,2;13,8;2521,0;2419,0;4940,0;44011,0;4000,0;3,56;2011-09-04
248;2011-09-05;3;0;9;1;1;0;2;27,6;31,3;79,0;14,3;1236,0;2115,0;3351,0;44011,0;4000,0;3,56;2011-09-05
249;2011-09-06;3;0;9;0;2;1;3;22,1;25,8;88,7;23,0;204,0;2506,0;2710,0;44011,0;4000,0;3,56;2011-09-06
250;2011-09-07;3;0;9;0;3;1;3;24,6;27,2;91,7;6,5;118,0;1878,0;1996,0;44011,0;4000,0;3,56;2011-09-07
251;2011-09-08;3;0;9;0;4;1;3;26,0;27,8;94,0;12,9;153,0;1689,0;1842,0;44011,0;4000,0;3,56;2011-09-08
252;2011-09-09;3;0;9;0;5;1;2;26,7;28,9;89,8;8,3;417,0;3127,0;3544,0;44011,0;4000,0;3,56;2011-09-09
253;2011-09-10;3;0;9;0;6;0;1;27,1;30,4;75,4;10,3;1750,0;3595,0;5345,0;44011,0;4000,0;3,56;2011-09-10
254;2011-09-11;3;0;9;0;0;0;1;26,8;30,5;71,4;7,7;1633,0;3413,0;5046,0;44011,0;4000,0;3,56;2011-09-11
255;2011-09-12;3;0;9;0;1;1;1;26,4;30,1;69,2;6,0;690,0;4023,0;4713,0;44011,0;4000,0;3,56;2011-09-12
256;2011-09-13;3;0;9;0;2;1;1;26,7;30,2;71,3;9,5;701,0;4062,0;4763,0;44011,0;4000,0;3,56;2011-09-13
257;2011-09-14;3;0;9;0;3;1;1;27,6;31,3;69,7;11,2;647,0;4138,0;4785,0;44011,0;4000,0;3,56;2011-09-14
258;2011-09-15;3;0;9;0;4;1;2;23,7;27,7;70,9;18,2;428,0;3231,0;3659,0;44011,0;4000,0;3,56;2011-09-15
259;2011-09-16;3;0;9;0;5;1;2;19,2;23,1;59,0;11,0;742,0;4018,0;4760,0;44011,0;4000,0;3,56;2011-09-16
260;2011-09-17;3;0;9;0;6;0;2;20,2;23,9;71,8;12,7;1434,0;3077,0;4511,0;44011,0;4000,0;3,56;2011-09-17
261;2011-09-18;3;0;9;0;0;0;1;20,8;24,5;69,5;12,0;1353,0;2921,0;4274,0;44011,0;4000,0;3,56;2011-09-18
262;2011-09-19;3;0;9;0;1;1;2;22,5;26,5;69,0;10,2;691,0;3848,0;4539,0;44011,0;4000,0;3,56;2011-09-19
263;2011-09-20;3;0;9;0;2;1;2;23,0;26,6;88,1;9,0;438,0;3203,0;3641,0;44011,0;4000,0;3,56;2011-09-20
264;2011-09-21;3;0;9;0;3;1;2;24,4;27,5;90,0;6,5;539,0;3813,0;4352,0;44011,0;4000,0;3,56;2011-09-21
265;2011-09-22;3;0;9;0;4;1;2;25,8;27,7;90,2;8,6;555,0;4240,0;4795,0;44011,0;4000,0;3,56;2011-09-22
266;2011-09-23;4;0;9;0;5;1;2;25,0;26,1;97,3;5,3;258,0;2137,0;2395,0;44011,0;4000,0;3,56;2011-09-23
267;2011-09-24;4;0;9;0;6;0;2;24,9;28,2;86,3;5,3;1776,0;3647,0;5423,0;44011,0;4000,0;3,56;2011-09-24
268;2011-09-25;4;0;9;0;0;0;2;26,0;28,6;84,5;3,4;1544,0;3466,0;5010,0;44011,0;4000,0;3,56;2011-09-25
269;2011-09-26;4;0;9;0;1;1;2;26,6;29,5;84,8;7,4;684,0;3946,0;4630,0;44011,0;4000,0;3,56;2011-09-26
270;2011-09-27;4;0;9;0;2;1;2;26,1;28,7;88,5;7,9;477,0;3643,0;4120,0;44011,0;4000,0;3,56;2011-09-27
271;2011-09-28;4;0;9;0;3;1;2;26,0;28,8;84,9;10,0;480,0;3427,0;3907,0;44011,0;4000,0;3,56;2011-09-28
272;2011-09-29;4;0;9;0;4;1;1;25,3;28,7;69,9;11,6;653,0;4186,0;4839,0;44011,0;4000,0;3,56;2011-09-29
273;2011-09-30;4;0;9;0;5;1;1;23,1;27,2;64,8;13,8;830,0;4372,0;5202,0;44011,0;4000,0;3,56;2011-09-30
274;2011-10-01;4;0;10;0;6;0;2;16,8;20,6;75,4;19,6;480,0;1949,0;2429,0;44238,0;4000,0;4,20;2011-10-01
275;2011-10-02;4;0;10;0;0;0;2;14,6;17,3;79,2;14,9;616,0;2302,0;2918,0;44238,0;4000,0;4,20;2011-10-02
276;2011-10-03;4;0;10;0;1;1;2;15,8;19,6;76,1;5,6;330,0;3240,0;3570,0;44238,0;4000,0;4,20;2011-10-03
277;2011-10-04;4;0;10;0;2;1;1;19,9;23,6;71,0;13,8;486,0;3970,0;4456,0;44238,0;4000,0;4,20;2011-10-04
278;2011-10-05;4;0;10;0;3;1;1;22,1;26,4;64,8;11,9;559,0;4267,0;4826,0;44238,0;4000,0;4,20;2011-10-05
279;2011-10-06;4;0;10;0;4;1;1;20,3;24,0;62,1;9,0;639,0;4126,0;4765,0;44238,0;4000,0;4,20;2011-10-06
280;2011-10-07;4;0;10;0;5;1;1;20,9;25,2;68,4;1,5;949,0;4036,0;4985,0;44238,0;4000,0;4,20;2011-10-07
281;2011-10-08;4;0;10;0;6;0;1;21,4;25,7;70,1;3,0;2235,0;3174,0;5409,0;44238,0;4000,0;4,20;2011-10-08
282;2011-10-09;4;0;10;0;0;0;1;22,2;26,2;72,8;4,3;2397,0;3114,0;5511,0;44238,0;4000,0;4,20;2011-10-09
283;2011-10-10;4;0;10;1;1;0;1;23,4;27,1;73,4;2,8;1514,0;3603,0;5117,0;44238,0;4000,0;4,20;2011-10-10
284;2011-10-11;4;0;10;0;2;1;2;23,2;27,3;80,9;9,6;667,0;3896,0;4563,0;44238,0;4000,0;4,20;2011-10-11
285;2011-10-12;4;0;10;0;3;1;3;22,3;25,9;90,6;16,6;217,0;2199,0;2416,0;44238,0;4000,0;4,20;2011-10-12
286;2011-10-13;4;0;10;0;4;1;2;24,2;27,6;89,7;9,5;290,0;2623,0;2913,0;44238,0;4000,0;4,20;2011-10-13
287;2011-10-14;4;0;10;0;5;1;2;22,6;26,5;71,6;15,0;529,0;3115,0;3644,0;44238,0;4000,0;4,20;2011-10-14
288;2011-10-15;4;0;10;0;6;0;1;20,8;24,9;48,3;17,3;1899,0;3318,0;5217,0;44238,0;4000,0;4,20;2011-10-15
289;2011-10-16;4;0;10;0;0;0;1;21,0;25,2;48,7;18,9;1748,0;3293,0;5041,0;44238,0;4000,0;4,20;2011-10-16
290;2011-10-17;4;0;10;0;1;1;1;21,9;25,5;58,0;11,8;713,0;3857,0;4570,0;44238,0;4000,0;4,20;2011-10-17
291;2011-10-18;4;0;10;0;2;1;2;21,8;26,1;70,2;7,4;637,0;4111,0;4748,0;44238,0;4000,0;4,20;2011-10-18
292;2011-10-19;4;0;10;0;3;1;3;22,2;25,7;89,5;16,3;254,0;2170,0;2424,0;44238,0;4000,0;4,20;2011-10-19
293;2011-10-20;4;0;10;0;4;1;1;19,5;23,3;63,6;28,3;471,0;3724,0;4195,0;44238,0;4000,0;4,20;2011-10-20
294;2011-10-21;4;0;10;0;5;1;1;17,5;21,2;57,4;14,8;676,0;3628,0;4304,0;44238,0;4000,0;4,20;2011-10-21
295;2011-10-22;4;0;10;0;6;0;1;17,3;21,3;62,9;6,2;1499,0;2809,0;4308,0;44238,0;4000,0;4,20;2011-10-22
296;2011-10-23;4;0;10;0;0;0;1;17,3;21,1;74,1;6,7;1619,0;2762,0;4381,0;44238,0;4000,0;4,20;2011-10-23
297;2011-10-24;4;0;10;0;1;1;1;19,0;22,9;77,2;8,0;699,0;3488,0;4187,0;44238,0;4000,0;4,20;2011-10-24
298;2011-10-25;4;0;10;0;2;1;1;19,3;23,2;62,3;11,2;695,0;3992,0;4687,0;44238,0;4000,0;4,20;2011-10-25
299;2011-10-26;4;0;10;0;3;1;2;19,9;23,6;72,0;10,0;404,0;3490,0;3894,0;44238,0;4000,0;4,20;2011-10-26
300;2011-10-27;4;0;10;0;4;1;2;19,3;22,9;81,3;13,3;240,0;2419,0;2659,0;44238,0;4000,0;4,20;2011-10-27
301;2011-10-28;4;0;10;0;5;1;2;13,6;15,9;58,6;15,4;456,0;3291,0;3747,0;44238,0;4000,0;4,20;2011-10-28
302;2011-10-29;4;0;10;0;6;0;3;10,4;11,4;88,3;23,5;57,0;570,0;627,0;44238,0;4000,0;4,20;2011-10-29
303;2011-10-30;4;0;10;0;0;0;1;13,1;16,1;62,4;11,8;885,0;2446,0;3331,0;44238,0;4000,0;4,20;2011-10-30
304;2011-10-31;4;0;10;0;1;1;1;13,9;17,8;70,3;7,1;362,0;3307,0;3669,0;44238,0;4000,0;4,20;2011-10-31
305;2011-11-01;4;0;11;0;2;1;1;16,4;19,9;68,4;9,1;410,0;3658,0;4068,0;44238,0;4000,0;3,93;2011-11-01
306;2011-11-02;4;0;11;0;3;1;1;15,5;19,5;71,9;5,5;370,0;3816,0;4186,0;44238,0;4000,0;3,93;2011-11-02
307;2011-11-03;4;0;11;0;4;1;1;16,7;20,3;70,2;9,2;318,0;3656,0;3974,0;44238,0;4000,0;3,93;2011-11-03
308;2011-11-04;4;0;11;0;5;1;2;16,5;20,2;62,3;18,2;470,0;3576,0;4046,0;44238,0;4000,0;3,93;2011-11-04
309;2011-11-05;4;0;11;0;6;0;1;13,4;16,2;51,9;12,7;1156,0;2770,0;3926,0;44238,0;4000,0;3,93;2011-11-05
310;2011-11-06;4;0;11;0;0;0;1;14,3;18,1;73,5;6,2;952,0;2697,0;3649,0;44238,0;4000,0;3,93;2011-11-06
311;2011-11-07;4;0;11;0;1;1;1;16,2;20,0;75,9;3,8;373,0;3662,0;4035,0;44238,0;4000,0;3,93;2011-11-07
312;2011-11-08;4;0;11;0;2;1;1;16,7;20,6;72,2;4,6;376,0;3829,0;4205,0;44238,0;4000,0;3,93;2011-11-08
313;2011-11-09;4;0;11;0;3;1;1;16,4;20,5;75,8;4,2;305,0;3804,0;4109,0;44238,0;4000,0;3,93;2011-11-09
314;2011-11-10;4;0;11;0;4;1;2;15,6;18,7;81,3;12,7;190,0;2743,0;2933,0;44238,0;4000,0;3,93;2011-11-10
315;2011-11-11;4;0;11;1;5;0;1;13,3;15,3;44,6;21,1;440,0;2928,0;3368,0;44238,0;4000,0;3,93;2011-11-11
316;2011-11-12;4;0;11;0;6;0;1;14,6;17,9;55,3;14,2;1275,0;2792,0;4067,0;44238,0;4000,0;3,93;2011-11-12
317;2011-11-13;4;0;11;0;0;0;1;18,1;21,5;45,8;18,9;1004,0;2713,0;3717,0;44238,0;4000,0;3,93;2011-11-13
318;2011-11-14;4;0;11;0;1;1;1;21,7;26,2;58,7;20,5;595,0;3891,0;4486,0;44238,0;4000,0;3,93;2011-11-14
319;2011-11-15;4;0;11;0;2;1;2;21,7;25,4;68,9;13,4;449,0;3746,0;4195,0;44238,0;4000,0;3,93;2011-11-15
320;2011-11-16;4;0;11;0;3;1;3;18,7;22,6;93,0;9,2;145,0;1672,0;1817,0;44238,0;4000,0;3,93;2011-11-16
321;2011-11-17;4;0;11;0;4;1;2;14,0;16,2;57,6;20,5;139,0;2914,0;3053,0;44238,0;4000,0;3,93;2011-11-17
322;2011-11-18;4;0;11;0;5;1;1;11,2;13,6;41,0;11,3;245,0;3147,0;3392,0;44238,0;4000,0;3,93;2011-11-18
323;2011-11-19;4;0;11;0;6;0;1;13,5;16,2;50,2;15,0;943,0;2720,0;3663,0;44238,0;4000,0;3,93;2011-11-19
324;2011-11-20;4;0;11;0;0;0;2;19,0;22,9;68,5;12,5;787,0;2733,0;3520,0;44238,0;4000,0;3,93;2011-11-20
325;2011-11-21;4;0;11;0;1;1;3;18,3;22,3;91,0;9,2;220,0;2545,0;2765,0;44238,0;4000,0;3,93;2011-11-21
326;2011-11-22;4;0;11;0;2;1;3;17,1;21,1;96,3;8,0;69,0;1538,0;1607,0;44238,0;4000,0;3,93;2011-11-22
327;2011-11-23;4;0;11;0;3;1;2;18,1;21,5;75,8;22,5;112,0;2454,0;2566,0;44238,0;4000,0;3,93;2011-11-23
328;2011-11-24;4;0;11;1;4;0;1;15,3;18,6;54,9;11,2;560,0;935,0;1495,0;44238,0;4000,0;3,93;2011-11-24
329;2011-11-25;4;0;11;0;5;1;1;15,4;19,0;64,4;6,6;1095,0;1697,0;2792,0;44238,0;4000,0;3,93;2011-11-25
330;2011-11-26;4;0;11;0;6;0;1;15,4;19,3;68,2;4,6;1249,0;1819,0;3068,0;44238,0;4000,0;3,93;2011-11-26
331;2011-11-27;4;0;11;0;0;0;1;18,8;22,8;69,8;14,0;810,0;2261,0;3071,0;44238,0;4000,0;3,93;2011-11-27
332;2011-11-28;4;0;11;0;1;1;1;20,6;24,5;74,3;9,5;253,0;3614,0;3867,0;44238,0;4000,0;3,93;2011-11-28
333;2011-11-29;4;0;11;0;2;1;2;18,8;22,6;83,1;17,3;96,0;2818,0;2914,0;44238,0;4000,0;3,93;2011-11-29
334;2011-11-30;4;0;11;0;3;1;1;13,3;15,6;61,3;18,2;188,0;3425,0;3613,0;44238,0;4000,0;3,93;2011-11-30
335;2011-12-01;4;0;12;0;4;1;1;12,8;15,3;52,5;14,8;182,0;3545,0;3727,0;44238,0;4000,0;3,61;2011-12-01
336;2011-12-02;4;0;12;0;5;1;1;12,9;16,6;62,6;6,8;268,0;3672,0;3940,0;44238,0;4000,0;3,61;2011-12-02
337;2011-12-03;4;0;12;0;6;0;1;12,3;15,5;61,3;6,4;706,0;2908,0;3614,0;44238,0;4000,0;3,61;2011-12-03
338;2011-12-04;4;0;12;0;0;0;1;13,6;17,5;77,6;5,6;634,0;2851,0;3485,0;44238,0;4000,0;3,61;2011-12-04
339;2011-12-05;4;0;12;0;1;1;2;15,8;19,7;82,7;4,2;233,0;3578,0;3811,0;44238,0;4000,0;3,61;2011-12-05
340;2011-12-06;4;0;12;0;2;1;3;19,0;22,8;95,0;15,6;126,0;2468,0;2594,0;44238,0;4000,0;3,61;2011-12-06
341;2011-12-07;4;0;12;0;3;1;3;16,8;20,0;97,0;17,8;50,0;655,0;705,0;44238,0;4000,0;3,61;2011-12-07
342;2011-12-08;4;0;12;0;4;1;1;10,9;12,8;58,0;16,1;150,0;3172,0;3322,0;44238,0;4000,0;3,61;2011-12-08
343;2011-12-09;4;0;12;0;5;1;1;11,9;15,9;69,6;5,5;261,0;3359,0;3620,0;44238,0;4000,0;3,61;2011-12-09
344;2011-12-10;4;0;12;0;6;0;1;11,3;13,3;50,8;15,6;502,0;2688,0;3190,0;44238,0;4000,0;3,61;2011-12-10
345;2011-12-11;4;0;12;0;0;0;1;9,1;12,7;49,0;4,5;377,0;2366,0;2743,0;44238,0;4000,0;3,61;2011-12-11
346;2011-12-12;4;0;12;0;1;1;1;9,8;13,5;67,1;4,3;143,0;3167,0;3310,0;44238,0;4000,0;3,61;2011-12-12
347;2011-12-13;4;0;12;0;2;1;1;11,6;15,1;59,0;9,4;155,0;3368,0;3523,0;44238,0;4000,0;3,61;2011-12-13
348;2011-12-14;4;0;12;0;3;1;2;13,0;16,9;66,4;4,1;178,0;3562,0;3740,0;44238,0;4000,0;3,61;2011-12-14
349;2011-12-15;4;0;12;0;4;1;2;17,3;20,6;63,4;18,0;181,0;3528,0;3709,0;44238,0;4000,0;3,61;2011-12-15
350;2011-12-16;4;0;12;0;5;1;2;15,4;18,0;50,0;17,5;178,0;3399,0;3577,0;44238,0;4000,0;3,61;2011-12-16
351;2011-12-17;4;0;12;0;6;0;2;10,6;12,5;56,1;16,3;275,0;2464,0;2739,0;44238,0;4000,0;3,61;2011-12-17
352;2011-12-18;4;0;12;0;0;0;1;9,8;12,3;58,6;11,4;220,0;2211,0;2431,0;44238,0;4000,0;3,61;2011-12-18
353;2011-12-19;4;0;12;0;1;1;1;11,3;14,0;63,8;11,6;260,0;3143,0;3403,0;44238,0;4000,0;3,61;2011-12-19
354;2011-12-20;4;0;12;0;2;1;2;15,8;19,8;59,5;4,1;216,0;3534,0;3750,0;44238,0;4000,0;3,61;2011-12-20
355;2011-12-21;1;0;12;0;3;1;2;17,6;21,4;85,8;14,8;107,0;2553,0;2660,0;44238,0;4000,0;3,61;2011-12-21
356;2011-12-22;1;0;12;0;4;1;2;17,4;21,3;75,8;3,2;227,0;2841,0;3068,0;44238,0;4000,0;3,61;2011-12-22
357;2011-12-23;1;0;12;0;5;1;1;15,3;18,9;68,6;18,4;163,0;2046,0;2209,0;44238,0;4000,0;3,61;2011-12-23
358;2011-12-24;1;0;12;0;6;0;1;12,4;15,0;54,3;12,8;155,0;856,0;1011,0;44238,0;4000,0;3,61;2011-12-24
359;2011-12-25;1;0;12;0;0;0;1;11,3;14,0;68,1;10,4;303,0;451,0;754,0;44238,0;4000,0;3,61;2011-12-25
360;2011-12-26;1;0;12;1;1;0;1;13,2;15,8;50,7;16,0;430,0;887,0;1317,0;44238,0;4000,0;3,61;2011-12-26
361;2011-12-27;1;0;12;0;2;1;2;13,3;16,4;76,3;12,6;103,0;1059,0;1162,0;44238,0;4000,0;3,61;2011-12-27
362;2011-12-28;1;0;12;0;3;1;1;12,3;14,0;50,4;19,7;255,0;2047,0;2302,0;44238,0;4000,0;3,61;2011-12-28
363;2011-12-29;1;0;12;0;4;1;1;10,2;13,2;57,4;8,0;254,0;2169,0;2423,0;44238,0;4000,0;3,61;2011-12-29
364;2011-12-30;1;0;12;0;5;1;1;12,8;15,9;63,7;9,0;491,0;2508,0;2999,0;44238,0;4000,0;3,61;2011-12-30
365;2011-12-31;1;0;12;0;6;0;1;16,8;20,7;61,6;14,8;665,0;1820,0;2485,0;44238,0;4000,0;3,61;2011-12-31
366;2012-01-01;1;1;1;0;0;0;1;15,2;18,8;69,3;12,9;686,0;1608,0;2294,0;42751,0;4000,0;3,51;2012-01-01
367;2012-01-02;1;1;1;1;1;0;1;11,2;12,6;38,1;22,1;244,0;1707,0;1951,0;42751,0;4000,0;3,51;2012-01-02
368;2012-01-03;1;1;1;0;2;1;1;6,2;6,3;44,1;24,5;89,0;2147,0;2236,0;42751,0;4000,0;3,51;2012-01-03
369;2012-01-04;1;1;1;0;3;1;2;4,4;6,0;41,5;12,4;95,0;2273,0;2368,0;42751,0;4000,0;3,51;2012-01-04
370;2012-01-05;1;1;1;0;4;1;1;10,9;13,9;52,4;8,7;140,0;3132,0;3272,0;42751,0;4000,0;3,51;2012-01-05
371;2012-01-06;1;1;1;0;5;1;1;13,7;17,0;54,2;11,2;307,0;3791,0;4098,0;42751,0;4000,0;3,51;2012-01-06
372;2012-01-07;1;1;1;0;6;0;1;16,1;19,5;53,2;11,7;1070,0;3451,0;4521,0;42751,0;4000,0;3,51;2012-01-07
373;2012-01-08;1;1;1;0;0;0;1;13,8;17,0;46,5;12,8;599,0;2826,0;3425,0;42751,0;4000,0;3,51;2012-01-08
374;2012-01-09;1;1;1;0;1;1;2;9,2;12,4;70,2;6,6;106,0;2270,0;2376,0;42751,0;4000,0;3,51;2012-01-09
375;2012-01-10;1;1;1;0;2;1;1;12,7;15,9;64,7;12,6;173,0;3425,0;3598,0;42751,0;4000,0;3,51;2012-01-10
376;2012-01-11;1;1;1;0;3;1;2;11,2;14,1;84,8;8,8;92,0;2085,0;2177,0;42751,0;4000,0;3,51;2012-01-11
377;2012-01-12;1;1;1;0;4;1;2;15,7;19,1;80,3;12,1;269,0;3828,0;4097,0;42751,0;4000,0;3,51;2012-01-12
378;2012-01-13;1;1;1;0;5;1;1;11,2;12,5;50,8;25,3;174,0;3040,0;3214,0;42751,0;4000,0;3,51;2012-01-13
379;2012-01-14;1;1;1;0;6;0;1;7,4;9,2;45,8;12,5;333,0;2160,0;2493,0;42751,0;4000,0;3,51;2012-01-14
380;2012-01-15;1;1;1;0;0;0;1;6,8;8,1;41,9;16,8;284,0;2027,0;2311,0;42751,0;4000,0;3,51;2012-01-15
381;2012-01-16;1;1;1;1;1;0;1;7,8;9,5;52,3;15,5;217,0;2081,0;2298,0;42751,0;4000,0;3,51;2012-01-16
382;2012-01-17;1;1;1;0;2;1;2;15,3;18,2;71,6;23,4;127,0;2808,0;2935,0;42751,0;4000,0;3,51;2012-01-17
383;2012-01-18;1;1;1;0;3;1;1;12,4;13,8;44,3;27,8;109,0;3267,0;3376,0;42751,0;4000,0;3,51;2012-01-18
384;2012-01-19;1;1;1;0;4;1;1;7,8;9,5;49,8;14,8;130,0;3162,0;3292,0;42751,0;4000,0;3,51;2012-01-19
385;2012-01-20;1;1;1;0;5;1;2;8,9;11,0;45,0;13,6;115,0;3048,0;3163,0;42751,0;4000,0;3,51;2012-01-20
386;2012-01-21;1;1;1;0;6;0;2;7,1;8,7;83,1;14,9;67,0;1234,0;1301,0;42751,0;4000,0;3,51;2012-01-21
387;2012-01-22;1;1;1;0;0;0;2;6,7;8,1;79,6;13,4;196,0;1781,0;1977,0;42751,0;4000,0;3,51;2012-01-22
388;2012-01-23;1;1;1;0;1;1;2;9,0;12,2;91,1;7,4;145,0;2287,0;2432,0;42751,0;4000,0;3,51;2012-01-23
389;2012-01-24;1;1;1;0;2;1;1;14,0;17,5;83,6;8,3;439,0;3900,0;4339,0;42751,0;4000,0;3,51;2012-01-24
390;2012-01-25;1;1;1;0;3;1;1;12,1;14,7;64,4;10,8;467,0;3803,0;4270,0;42751,0;4000,0;3,51;2012-01-25
391;2012-01-26;1;1;1;0;4;1;2;14,0;17,8;77,0;4,9;244,0;3831,0;4075,0;42751,0;4000,0;3,51;2012-01-26
392;2012-01-27;1;1;1;0;5;1;2;17,4;20,8;74,1;23,0;269,0;3187,0;3456,0;42751,0;4000,0;3,51;2012-01-27
393;2012-01-28;1;1;1;0;6;0;1;12,9;16,3;54,3;14,1;775,0;3248,0;4023,0;42751,0;4000,0;3,51;2012-01-28
394;2012-01-29;1;1;1;0;0;0;1;11,6;13,6;31,1;16,1;558,0;2685,0;3243,0;42751,0;4000,0;3,51;2012-01-29
395;2012-01-30;1;1;1;0;1;1;1;11,0;13,1;40,1;14,5;126,0;3498,0;3624,0;42751,0;4000,0;3,51;2012-01-30
396;2012-01-31;1;1;1;0;2;1;1;16,0;19,1;41,7;17,5;324,0;4185,0;4509,0;42751,0;4000,0;3,51;2012-01-31
397;2012-02-01;1;1;2;0;3;1;1;19,2;23,3;50,8;12,7;304,0;4275,0;4579,0;42751,0;4000,0;3,60;2012-02-01
398;2012-02-02;1;1;2;0;4;1;2;16,4;19,9;67,3;12,5;190,0;3571,0;3761,0;42751,0;4000,0;3,60;2012-02-02
399;2012-02-03;1;1;2;0;5;1;1;12,8;15,5;52,7;12,0;310,0;3841,0;4151,0;42751,0;4000,0;3,60;2012-02-03
400;2012-02-04;1;1;2;0;6;0;2;10,8;13,6;78,0;8,2;384,0;2448,0;2832,0;42751,0;4000,0;3,60;2012-02-04
401;2012-02-05;1;1;2;0;0;0;2;10,9;13,2;68,8;11,8;318,0;2629,0;2947,0;42751,0;4000,0;3,60;2012-02-05
402;2012-02-06;1;1;2;0;1;1;1;11,6;14,8;62,2;10,3;206,0;3578,0;3784,0;42751,0;4000,0;3,60;2012-02-06
403;2012-02-07;1;1;2;0;2;1;1;14,5;18,1;49,6;9,9;199,0;4176,0;4375,0;42751,0;4000,0;3,60;2012-02-07
404;2012-02-08;1;1;2;0;3;1;2;10,5;13,3;72,3;9,0;109,0;2693,0;2802,0;42751,0;4000,0;3,60;2012-02-08
405;2012-02-09;1;1;2;0;4;1;1;10,9;13,1;56,2;13,0;163,0;3667,0;3830,0;42751,0;4000,0;3,60;2012-02-09
406;2012-02-10;1;1;2;0;5;1;2;11,5;14,7;54,0;7,8;227,0;3604,0;3831,0;42751,0;4000,0;3,60;2012-02-10
407;2012-02-11;1;1;2;0;6;0;3;9,2;10,5;73,1;19,4;192,0;1977,0;2169,0;42751,0;4000,0;3,60;2012-02-11
408;2012-02-12;1;1;2;0;0;0;1;5,2;5,1;46,5;27,4;73,0;1456,0;1529,0;42751,0;4000,0;3,60;2012-02-12
409;2012-02-13;1;1;2;0;1;1;1;9,1;11,4;41,1;11,2;94,0;3328,0;3422,0;42751,0;4000,0;3,60;2012-02-13
410;2012-02-14;1;1;2;0;2;1;2;13,1;16,7;50,9;9,5;135,0;3787,0;3922,0;42751,0;4000,0;3,60;2012-02-14
411;2012-02-15;1;1;2;0;3;1;1;14,3;17,6;53,1;12,2;141,0;4028,0;4169,0;42751,0;4000,0;3,60;2012-02-15
412;2012-02-16;1;1;2;0;4;1;2;13,0;16,5;75,3;6,1;74,0;2931,0;3005,0;42751,0;4000,0;3,60;2012-02-16
413;2012-02-17;1;1;2;0;5;1;1;14,1;17,6;63,5;13,8;349,0;3805,0;4154,0;42751,0;4000,0;3,60;2012-02-17
414;2012-02-18;1;1;2;0;6;0;1;14,2;17,8;53,5;12,8;1435,0;2883,0;4318,0;42751,0;4000,0;3,60;2012-02-18
415;2012-02-19;1;1;2;0;0;0;2;11,5;13,3;51,6;17,0;618,0;2071,0;2689,0;42751,0;4000,0;3,60;2012-02-19
416;2012-02-20;1;1;2;1;1;0;1;11,5;13,7;50,8;15,3;502,0;2627,0;3129,0;42751,0;4000,0;3,60;2012-02-20
417;2012-02-21;1;1;2;0;2;1;1;11,8;14,8;59,4;13,8;163,0;3614,0;3777,0;42751,0;4000,0;3,60;2012-02-21
418;2012-02-22;1;1;2;0;3;1;1;16,2;19,6;56,8;15,7;394,0;4379,0;4773,0;42751,0;4000,0;3,60;2012-02-22
419;2012-02-23;1;1;2;0;4;1;1;18,6;22,2;55,5;12,8;516,0;4546,0;5062,0;42751,0;4000,0;3,60;2012-02-23
420;2012-02-24;1;1;2;0;5;1;2;16,7;20,5;73,8;15,9;246,0;3241,0;3487,0;42751,0;4000,0;3,60;2012-02-24
421;2012-02-25;1;1;2;0;6;0;1;11,9;12,8;39,6;28,3;317,0;2415,0;2732,0;42751,0;4000,0;3,60;2012-02-25
422;2012-02-26;1;1;2;0;0;0;1;11,4;13,4;41,0;13,8;515,0;2874,0;3389,0;42751,0;4000,0;3,60;2012-02-26
423;2012-02-27;1;1;2;0;1;1;1;15,0;17,9;49,1;18,0;253,0;4069,0;4322,0;42751,0;4000,0;3,60;2012-02-27
424;2012-02-28;1;1;2;0;2;1;1;14,7;17,7;39,6;13,0;229,0;4134,0;4363,0;42751,0;4000,0;3,60;2012-02-28
425;2012-02-29;1;1;2;0;3;1;2;14,1;17,4;80,5;12,0;65,0;1769,0;1834,0;42751,0;4000,0;3,60;2012-02-29
426;2012-03-01;1;1;3;0;4;1;1;19,9;23,8;61,5;15,2;325,0;4665,0;4990,0;42751,0;4000,0;3,15;2012-03-01
427;2012-03-02;1;1;3;0;5;1;2;14,5;18,0;65,7;9,7;246,0;2948,0;3194,0;42751,0;4000,0;3,15;2012-03-02
428;2012-03-03;1;1;3;0;6;0;2;17,0;20,7;62,1;10,8;956,0;3110,0;4066,0;42751,0;4000,0;3,15;2012-03-03
429;2012-03-04;1;1;3;0;0;0;1;13,4;15,2;40,3;22,4;710,0;2713,0;3423,0;42751,0;4000,0;3,15;2012-03-04
430;2012-03-05;1;1;3;0;1;1;1;10,0;12,1;50,6;15,3;203,0;3130,0;3333,0;42751,0;4000,0;3,15;2012-03-05
431;2012-03-06;1;1;3;0;2;1;1;10,6;12,8;45,7;13,5;221,0;3735,0;3956,0;42751,0;4000,0;3,15;2012-03-06
432;2012-03-07;1;1;3;0;3;1;1;16,6;19,3;51,3;23,2;432,0;4484,0;4916,0;42751,0;4000,0;3,15;2012-03-07
433;2012-03-08;1;1;3;0;4;1;1;21,6;26,2;56,8;29,6;486,0;4896,0;5382,0;42751,0;4000,0;3,15;2012-03-08
434;2012-03-09;1;1;3;0;5;1;2;16,8;19,9;40,7;27,8;447,0;4122,0;4569,0;42751,0;4000,0;3,15;2012-03-09
435;2012-03-10;1;1;3;0;6;0;1;11,8;13,9;35,0;15,1;968,0;3150,0;4118,0;42751,0;4000,0;3,15;2012-03-10
436;2012-03-11;1;1;3;0;0;0;1;14,8;18,0;47,7;14,9;1658,0;3253,0;4911,0;42751,0;4000,0;3,15;2012-03-11
437;2012-03-12;1;1;3;0;1;1;1;19,1;23,0;48,9;13,9;838,0;4460,0;5298,0;42751,0;4000,0;3,15;2012-03-12
438;2012-03-13;1;1;3;0;2;1;1;23,2;27,1;61,8;15,9;762,0;5085,0;5847,0;42751,0;4000,0;3,15;2012-03-13
439;2012-03-14;1;1;3;0;3;1;1;23,5;27,4;50,7;7,7;997,0;5315,0;6312,0;42751,0;4000,0;3,15;2012-03-14
440;2012-03-15;1;1;3;0;4;1;1;22,9;26,6;58,0;10,0;1005,0;5187,0;6192,0;42751,0;4000,0;3,15;2012-03-15
441;2012-03-16;1;1;3;0;5;1;2;17,9;21,8;84,2;7,6;548,0;3830,0;4378,0;42751,0;4000,0;3,15;2012-03-16
442;2012-03-17;1;1;3;0;6;0;2;21,1;25,3;75,6;7,4;3155,0;4681,0;7836,0;42751,0;4000,0;3,15;2012-03-17
443;2012-03-18;1;1;3;0;0;0;2;19,4;23,2;81,0;8,5;2207,0;3685,0;5892,0;42751,0;4000,0;3,15;2012-03-18
444;2012-03-19;1;1;3;0;1;1;1;22,3;26,6;72,9;10,9;982,0;5171,0;6153,0;42751,0;4000,0;3,15;2012-03-19
445;2012-03-20;1;1;3;0;2;1;1;23,0;26,9;80,8;8,1;1051,0;5042,0;6093,0;42751,0;4000,0;3,15;2012-03-20
446;2012-03-21;2;1;3;0;3;1;2;21,8;25,7;82,1;6,0;1122,0;5108,0;6230,0;42751,0;4000,0;3,15;2012-03-21
447;2012-03-22;2;1;3;0;4;1;1;22,7;26,6;83,1;7,9;1334,0;5537,0;6871,0;42751,0;4000,0;3,15;2012-03-22
448;2012-03-23;2;1;3;0;5;1;2;24,7;28,5;69,4;7,8;2469,0;5893,0;8362,0;42751,0;4000,0;3,15;2012-03-23
449;2012-03-24;2;1;3;0;6;0;2;20,6;24,3;88,5;12,9;1033,0;2339,0;3372,0;42751,0;4000,0;3,15;2012-03-24
450;2012-03-25;2;1;3;0;0;0;2;17,9;21,9;88,1;14,8;1532,0;3464,0;4996,0;42751,0;4000,0;3,15;2012-03-25
451;2012-03-26;2;1;3;0;1;1;1;18,3;21,9;47,8;25,9;795,0;4763,0;5558,0;42751,0;4000,0;3,15;2012-03-26
452;2012-03-27;2;1;3;0;2;1;1;13,3;15,8;29,0;12,5;531,0;4571,0;5102,0;42751,0;4000,0;3,15;2012-03-27
453;2012-03-28;2;1;3;0;3;1;1;19,9;23,5;48,1;19,5;674,0;5024,0;5698,0;42751,0;4000,0;3,15;2012-03-28
454;2012-03-29;2;1;3;0;4;1;1;20,3;24,1;43,9;21,4;834,0;5299,0;6133,0;42751,0;4000,0;3,15;2012-03-29
455;2012-03-30;2;1;3;0;5;1;2;15,2;18,8;58,1;9,3;796,0;4663,0;5459,0;42751,0;4000,0;3,15;2012-03-30
456;2012-03-31;2;1;3;0;6;0;2;17,4;21,1;73,8;16,8;2301,0;3934,0;6235,0;42751,0;4000,0;3,15;2012-03-31
457;2012-04-01;2;1;4;0;0;0;2;17,5;20,9;67,6;11,5;2347,0;3694,0;6041,0;41964,0;3900,0;3,01;2012-04-01
458;2012-04-02;2;1;4;0;1;1;1;17,8;21,4;50,4;20,9;1208,0;4728,0;5936,0;41964,0;3900,0;3,01;2012-04-02
459;2012-04-03;2;1;4;0;2;1;1;19,1;23,1;39,7;6,7;1348,0;5424,0;6772,0;41964,0;3900,0;3,01;2012-04-03
460;2012-04-04;2;1;4;0;3;1;1;22,2;26,7;47,0;12,1;1058,0;5378,0;6436,0;41964,0;3900,0;3,01;2012-04-04
461;2012-04-05;2;1;4;0;4;1;1;17,8;21,6;37,4;14,7;1192,0;5265,0;6457,0;41964,0;3900,0;3,01;2012-04-05
462;2012-04-06;2;1;4;0;5;1;1;16,5;19,5;37,7;20,1;1807,0;4653,0;6460,0;41964,0;3900,0;3,01;2012-04-06
463;2012-04-07;2;1;4;0;6;0;1;17,9;21,3;25,4;18,4;3252,0;3605,0;6857,0;41964,0;3900,0;3,01;2012-04-07
464;2012-04-08;2;1;4;0;0;0;1;20,5;24,6;27,6;15,6;2230,0;2939,0;5169,0;41964,0;3900,0;3,01;2012-04-08
465;2012-04-09;2;1;4;0;1;1;1;20,1;23,8;31,8;24,0;905,0;4680,0;5585,0;41964,0;3900,0;3,01;2012-04-09
466;2012-04-10;2;1;4;0;2;1;1;18,3;21,8;43,5;16,7;819,0;5099,0;5918,0;41964,0;3900,0;3,01;2012-04-10
467;2012-04-11;2;1;4;0;3;1;1;14,3;16,9;47,0;19,8;482,0;4380,0;4862,0;41964,0;3900,0;3,01;2012-04-11
468;2012-04-12;2;1;4;0;4;1;1;16,3;19,4;46,6;19,5;663,0;4746,0;5409,0;41964,0;3900,0;3,01;2012-04-12
469;2012-04-13;2;1;4;0;5;1;1;18,1;21,6;40,8;10,4;1252,0;5146,0;6398,0;41964,0;3900,0;3,01;2012-04-13
470;2012-04-14;2;1;4;0;6;0;1;20,3;24,4;50,3;12,8;2795,0;4665,0;7460,0;41964,0;3900,0;3,01;2012-04-14
471;2012-04-15;2;1;4;0;0;0;1;24,9;28,7;50,8;15,1;2846,0;4286,0;7132,0;41964,0;3900,0;3,01;2012-04-15
472;2012-04-16;2;1;4;1;1;0;1;27,2;30,7;56,2;19,1;1198,0;5172,0;6370,0;41964,0;3900,0;3,01;2012-04-16
473;2012-04-17;2;1;4;0;2;1;1;24,9;29,9;39,0;18,3;989,0;5702,0;6691,0;41964,0;3900,0;3,01;2012-04-17
474;2012-04-18;2;1;4;0;3;1;2;19,0;22,9;56,9;11,3;347,0;4020,0;4367,0;41964,0;3900,0;3,01;2012-04-18
475;2012-04-19;2;1;4;0;4;1;1;20,4;24,7;61,3;4,4;846,0;5719,0;6565,0;41964,0;3900,0;3,01;2012-04-19
476;2012-04-20;2;1;4;0;5;1;1;21,6;25,8;69,5;10,0;1340,0;5950,0;7290,0;41964,0;3900,0;3,01;2012-04-20
477;2012-04-21;2;1;4;0;6;0;1;23,4;27,1;68,3;19,0;2541,0;4083,0;6624,0;41964,0;3900,0;3,01;2012-04-21
478;2012-04-22;2;1;4;0;0;0;3;16,3;19,5;83,5;23,1;120,0;907,0;1027,0;41964,0;3900,0;3,01;2012-04-22
479;2012-04-23;2;1;4;0;1;1;2;13,2;15,1;76,7;20,3;195,0;3019,0;3214,0;41964,0;3900,0;3,01;2012-04-23
480;2012-04-24;2;1;4;0;2;1;1;16,9;20,3;45,4;16,7;518,0;5115,0;5633,0;41964,0;3900,0;3,01;2012-04-24
481;2012-04-25;2;1;4;0;3;1;1;19,5;23,5;42,8;8,0;655,0;5541,0;6196,0;41964,0;3900,0;3,01;2012-04-25
482;2012-04-26;2;1;4;0;4;1;2;20,4;24,2;75,7;11,8;475,0;4551,0;5026,0;41964,0;3900,0;3,01;2012-04-26
483;2012-04-27;2;1;4;0;5;1;1;18,8;22,6;40,1;23,3;1014,0;5219,0;6233,0;41964,0;3900,0;3,01;2012-04-27
484;2012-04-28;2;1;4;0;6;0;2;15,4;18,9;49,0;8,7;1120,0;3100,0;4220,0;41964,0;3900,0;3,01;2012-04-28
485;2012-04-29;2;1;4;0;0;0;1;18,8;22,5;58,7;7,8;2229,0;4075,0;6304,0;41964,0;3900,0;3,01;2012-04-29
486;2012-04-30;2;1;4;0;1;1;2;19,0;22,9;57,0;11,5;665,0;4907,0;5572,0;41964,0;3900,0;3,01;2012-04-30
487;2012-05-01;2;1;5;0;2;1;2;25,1;28,9;66,0;10,5;653,0;5087,0;5740,0;41964,0;3900,0;2,70;2012-05-01
488;2012-05-02;2;1;5;0;3;1;1;23,1;26,9;79,7;9,2;667,0;5502,0;6169,0;41964,0;3900,0;2,70;2012-05-02
489;2012-05-03;2;1;5;0;4;1;2;23,0;26,9;76,8;9,0;764,0;5657,0;6421,0;41964,0;3900,0;2,70;2012-05-03
490;2012-05-04;2;1;5;0;5;1;1;25,7;29,5;73,5;10,9;1069,0;5227,0;6296,0;41964,0;3900,0;2,70;2012-05-04
491;2012-05-05;2;1;5;0;6;0;2;25,5;29,2;75,7;10,3;2496,0;4387,0;6883,0;41964,0;3900,0;2,70;2012-05-05
492;2012-05-06;2;1;5;0;0;0;2;23,1;27,3;74,0;10,0;2135,0;4224,0;6359,0;41964,0;3900,0;2,70;2012-05-06
493;2012-05-07;2;1;5;0;1;1;2;22,0;26,4;66,4;15,5;1008,0;5265,0;6273,0;41964,0;3900,0;2,70;2012-05-07
494;2012-05-08;2;1;5;0;2;1;2;23,8;27,9;68,6;19,8;738,0;4990,0;5728,0;41964,0;3900,0;2,70;2012-05-08
495;2012-05-09;2;1;5;0;3;1;2;23,6;27,7;74,4;14,5;620,0;4097,0;4717,0;41964,0;3900,0;2,70;2012-05-09
496;2012-05-10;2;1;5;0;4;1;1;20,7;24,6;55,2;21,0;1026,0;5546,0;6572,0;41964,0;3900,0;2,70;2012-05-10
497;2012-05-11;2;1;5;0;5;1;1;21,9;26,0;36,0;15,9;1319,0;5711,0;7030,0;41964,0;3900,0;2,70;2012-05-11
498;2012-05-12;2;1;5;0;6;0;1;23,1;27,2;48,0;8,2;2622,0;4807,0;7429,0;41964,0;3900,0;2,70;2012-05-12
499;2012-05-13;2;1;5;0;0;0;1;25,1;29,3;57,6;15,1;2172,0;3946,0;6118,0;41964,0;3900,0;2,70;2012-05-13
500;2012-05-14;2;1;5;0;1;1;2;23,5;27,5;79,0;14,3;342,0;2501,0;2843,0;41964,0;3900,0;2,70;2012-05-14
501;2012-05-15;2;1;5;0;2;1;2;25,1;28,8;79,5;9,9;625,0;4490,0;5115,0;41964,0;3900,0;2,70;2012-05-15
502;2012-05-16;2;1;5;0;3;1;1;26,1;29,8;69,8;8,2;991,0;6433,0;7424,0;41964,0;3900,0;2,70;2012-05-16
503;2012-05-17;2;1;5;0;4;1;1;24,3;28,6;52,0;15,4;1242,0;6142,0;7384,0;41964,0;3900,0;2,70;2012-05-17
504;2012-05-18;2;1;5;0;5;1;1;23,1;27,6;52,3;9,2;1521,0;6118,0;7639,0;41964,0;3900,0;2,70;2012-05-18
505;2012-05-19;2;1;5;0;6;0;1;24,6;28,3;45,6;5,6;3410,0;4884,0;8294,0;41964,0;3900,0;2,70;2012-05-19
506;2012-05-20;2;1;5;0;0;0;1;25,5;29,2;53,0;17,0;2704,0;4425,0;7129,0;41964,0;3900,0;2,70;2012-05-20
507;2012-05-21;2;1;5;0;1;1;2;24,5;28,3;81,1;15,6;630,0;3729,0;4359,0;41964,0;3900,0;2,70;2012-05-21
508;2012-05-22;2;1;5;0;2;1;2;25,2;29,0;76,6;7,9;819,0;5254,0;6073,0;41964,0;3900,0;2,70;2012-05-22
509;2012-05-23;2;1;5;0;3;1;2;25,5;29,2;77,5;6,8;766,0;4494,0;5260,0;41964,0;3900,0;2,70;2012-05-23
510;2012-05-24;2;1;5;0;4;1;1;26,9;30,3;71,7;11,6;1059,0;5711,0;6770,0;41964,0;3900,0;2,70;2012-05-24
511;2012-05-25;2;1;5;0;5;1;1;27,9;31,4;74,7;9,4;1417,0;5317,0;6734,0;41964,0;3900,0;2,70;2012-05-25
512;2012-05-26;2;1;5;0;6;0;1;28,4;32,1;73,3;13,3;2855,0;3681,0;6536,0;41964,0;3900,0;2,70;2012-05-26
513;2012-05-27;2;1;5;0;0;0;1;28,3;32,1;69,7;14,4;3283,0;3308,0;6591,0;41964,0;3900,0;2,70;2012-05-27
514;2012-05-28;2;1;5;1;1;0;1;29,2;34,0;67,6;13,2;2557,0;3486,0;6043,0;41964,0;3900,0;2,70;2012-05-28
515;2012-05-29;2;1;5;0;2;1;1;29,6;33,6;68,5;19,8;880,0;4863,0;5743,0;41964,0;3900,0;2,70;2012-05-29
516;2012-05-30;2;1;5;0;3;1;2;26,9;30,6;67,0;9,0;745,0;6110,0;6855,0;41964,0;3900,0;2,70;2012-05-30
517;2012-05-31;2;1;5;0;4;1;1;27,9;31,6;49,3;13,1;1100,0;6238,0;7338,0;41964,0;3900,0;2,70;2012-05-31
518;2012-06-01;2;1;6;0;5;1;2;26,8;30,4;75,5;15,9;533,0;3594,0;4127,0;41964,0;3900,0;2,71;2012-06-01
519;2012-06-02;2;1;6;0;6;0;1;23,9;28,3;54,9;12,5;2795,0;5325,0;8120,0;41964,0;3900,0;2,71;2012-06-02
520;2012-06-03;2;1;6;0;0;0;1;24,7;28,8;49,3;12,3;2494,0;5147,0;7641,0;41964,0;3900,0;2,71;2012-06-03
521;2012-06-04;2;1;6;0;1;1;1;24,5;28,9;48,7;19,1;1071,0;5927,0;6998,0;41964,0;3900,0;2,71;2012-06-04
522;2012-06-05;2;1;6;0;2;1;2;22,2;26,3;61,3;14,0;968,0;6033,0;7001,0;41964,0;3900,0;2,71;2012-06-05
523;2012-06-06;2;1;6;0;3;1;1;22,7;27,1;61,1;5,2;1027,0;6028,0;7055,0;41964,0;3900,0;2,71;2012-06-06
524;2012-06-07;2;1;6;0;4;1;1;24,7;28,5;56,7;10,5;1038,0;6456,0;7494,0;41964,0;3900,0;2,71;2012-06-07
525;2012-06-08;2;1;6;0;5;1;1;26,6;29,9;46,8;11,8;1488,0;6248,0;7736,0;41964,0;3900,0;2,71;2012-06-08
526;2012-06-09;2;1;6;0;6;0;1;29,1;32,4;43,7;9,7;2708,0;4790,0;7498,0;41964,0;3900,0;2,71;2012-06-09
527;2012-06-10;2;1;6;0;0;0;1;29,8;33,2;53,8;9,0;2224,0;4374,0;6598,0;41964,0;3900,0;2,71;2012-06-10
528;2012-06-11;2;1;6;0;1;1;2;29,6;33,0;58,8;13,9;1017,0;5647,0;6664,0;41964,0;3900,0;2,71;2012-06-11
529;2012-06-12;2;1;6;0;2;1;2;26,8;29,9;83,3;14,4;477,0;4495,0;4972,0;41964,0;3900,0;2,71;2012-06-12
530;2012-06-13;2;1;6;0;3;1;1;26,9;30,6;58,2;23,0;1173,0;6248,0;7421,0;41964,0;3900,0;2,71;2012-06-13
531;2012-06-14;2;1;6;0;4;1;1;26,6;31,2;57,0;17,0;1180,0;6183,0;7363,0;41964,0;3900,0;2,71;2012-06-14
532;2012-06-15;2;1;6;0;5;1;1;26,2;30,0;59,0;11,8;1563,0;6102,0;7665,0;41964,0;3900,0;2,71;2012-06-15
533;2012-06-16;2;1;6;0;6;0;1;25,9;29,7;50,4;11,2;2963,0;4739,0;7702,0;41964,0;3900,0;2,71;2012-06-16
534;2012-06-17;2;1;6;0;0;0;1;24,3;28,6;59,9;9,7;2634,0;4344,0;6978,0;41964,0;3900,0;2,71;2012-06-17
535;2012-06-18;2;1;6;0;1;1;2;23,3;27,2;77,8;11,7;653,0;4446,0;5099,0;41964,0;3900,0;2,71;2012-06-18
536;2012-06-19;2;1;6;0;2;1;1;28,2;32,7;69,0;9,9;968,0;5857,0;6825,0;41964,0;3900,0;2,71;2012-06-19
537;2012-06-20;2;1;6;0;3;1;1;32,1;36,0;59,2;7,6;872,0;5339,0;6211,0;41964,0;3900,0;2,71;2012-06-20
538;2012-06-21;3;1;6;0;4;1;1;33,0;37,6;56,8;8,0;778,0;5127,0;5905,0;41964,0;3900,0;2,71;2012-06-21
539;2012-06-22;3;1;6;0;5;1;1;31,9;36,2;57,4;12,3;964,0;4859,0;5823,0;41964,0;3900,0;2,71;2012-06-22
540;2012-06-23;3;1;6;0;6;0;1;30,0;32,6;53,5;12,0;2657,0;4801,0;7458,0;41964,0;3900,0;2,71;2012-06-23
541;2012-06-24;3;1;6;0;0;0;1;30,5;33,7;47,9;9,8;2551,0;4340,0;6891,0;41964,0;3900,0;2,71;2012-06-24
542;2012-06-25;3;1;6;0;1;1;1;29,3;32,7;50,4;20,1;1139,0;5640,0;6779,0;41964,0;3900,0;2,71;2012-06-25
543;2012-06-26;3;1;6;0;2;1;1;25,9;29,7;37,3;23,3;1077,0;6365,0;7442,0;41964,0;3900,0;2,71;2012-06-26
544;2012-06-27;3;1;6;0;3;1;1;28,6;32,0;36,0;18,2;1077,0;6258,0;7335,0;41964,0;3900,0;2,71;2012-06-27
545;2012-06-28;3;1;6;0;4;1;1;30,7;33,8;42,3;11,5;921,0;5958,0;6879,0;41964,0;3900,0;2,71;2012-06-28
546;2012-06-29;3;1;6;0;5;1;1;34,2;39,3;48,9;11,1;829,0;4634,0;5463,0;41964,0;3900,0;2,71;2012-06-29
547;2012-06-30;3;1;6;0;6;0;1;31,4;34,4;60,1;10,8;1455,0;4232,0;5687,0;41964,0;3900,0;2,71;2012-06-30
548;2012-07-01;3;1;7;0;0;0;1;33,4;37,5;51,9;11,3;1421,0;4110,0;5531,0;41882,0;3900,0;2,77;2012-07-01
549;2012-07-02;3;1;7;0;1;1;1;32,0;35,1;44,7;13,1;904,0;5323,0;6227,0;41882,0;3900,0;2,77;2012-07-02
550;2012-07-03;3;1;7;0;2;1;1;32,0;35,1;49,2;8,5;1052,0;5608,0;6660,0;41882,0;3900,0;2,77;2012-07-03
551;2012-07-04;3;1;7;1;3;0;1;32,4;36,6;53,9;9,0;2562,0;4841,0;7403,0;41882,0;3900,0;2,77;2012-07-04
552;2012-07-05;3;1;7;0;4;1;1;33,9;38,1;45,8;13,0;1405,0;4836,0;6241,0;41882,0;3900,0;2,77;2012-07-05
553;2012-07-06;3;1;7;0;5;1;1;34,0;37,6;45,1;9,8;1366,0;4841,0;6207,0;41882,0;3900,0;2,77;2012-07-06
554;2012-07-07;3;1;7;0;6;0;1;35,3;40,2;49,2;11,0;1448,0;3392,0;4840,0;41882,0;3900,0;2,77;2012-07-07
555;2012-07-08;3;1;7;0;0;0;1;33,7;39,5;57,4;8,4;1203,0;3469,0;4672,0;41882,0;3900,0;2,77;2012-07-08
556;2012-07-09;3;1;7;0;1;1;2;29,1;32,7;68,3;12,1;998,0;5571,0;6569,0;41882,0;3900,0;2,77;2012-07-09
557;2012-07-10;3;1;7;0;2;1;2;29,6;33,2;66,8;10,2;954,0;5336,0;6290,0;41882,0;3900,0;2,77;2012-07-10
558;2012-07-11;3;1;7;0;3;1;1;29,4;32,5;63,3;10,2;975,0;6289,0;7264,0;41882,0;3900,0;2,77;2012-07-11
559;2012-07-12;3;1;7;0;4;1;1;29,3;32,7;53,0;9,8;1032,0;6414,0;7446,0;41882,0;3900,0;2,77;2012-07-12
560;2012-07-13;3;1;7;0;5;1;2;30,0;33,4;48,6;5,4;1511,0;5988,0;7499,0;41882,0;3900,0;2,77;2012-07-13
561;2012-07-14;3;1;7;0;6;0;2;28,8;33,3;69,9;9,6;2355,0;4614,0;6969,0;41882,0;3900,0;2,77;2012-07-14
562;2012-07-15;3;1;7;0;0;0;1;30,6;35,3;71,8;11,2;1920,0;4111,0;6031,0;41882,0;3900,0;2,77;2012-07-15
563;2012-07-16;3;1;7;0;1;1;1;31,3;36,2;64,5;11,0;1088,0;5742,0;6830,0;41882,0;3900,0;2,77;2012-07-16
564;2012-07-17;3;1;7;0;2;1;1;33,6;37,8;50,6;7,7;921,0;5865,0;6786,0;41882,0;3900,0;2,77;2012-07-17
565;2012-07-18;3;1;7;0;3;1;1;32,5;37,3;57,7;9,2;799,0;4914,0;5713,0;41882,0;3900,0;2,77;2012-07-18
566;2012-07-19;3;1;7;0;4;1;1;31,6;35,7;60,0;11,1;888,0;5703,0;6591,0;41882,0;3900,0;2,77;2012-07-19
567;2012-07-20;3;1;7;0;5;1;2;27,3;30,7;84,4;14,0;747,0;5123,0;5870,0;41882,0;3900,0;2,77;2012-07-20
568;2012-07-21;3;1;7;0;6;0;3;24,4;27,5;86,5;14,3;1264,0;3195,0;4459,0;41882,0;3900,0;2,77;2012-07-21
569;2012-07-22;3;1;7;0;0;0;2;27,4;31,2;76,3;6,3;2544,0;4866,0;7410,0;41882,0;3900,0;2,77;2012-07-22
570;2012-07-23;3;1;7;0;1;1;1;30,4;34,5;69,4;9,3;1135,0;5831,0;6966,0;41882,0;3900,0;2,77;2012-07-23
571;2012-07-24;3;1;7;0;2;1;1;30,8;35,3;65,5;14,2;1140,0;6452,0;7592,0;41882,0;3900,0;2,77;2012-07-24
572;2012-07-25;3;1;7;0;3;1;1;29,7;32,7;45,0;11,0;1383,0;6790,0;8173,0;41882,0;3900,0;2,77;2012-07-25
573;2012-07-26;3;1;7;0;4;1;1;31,8;37,0;59,7;19,1;1036,0;5825,0;6861,0;41882,0;3900,0;2,77;2012-07-26
574;2012-07-27;3;1;7;0;5;1;1;32,0;36,7;59,5;10,3;1259,0;5645,0;6904,0;41882,0;3900,0;2,77;2012-07-27
575;2012-07-28;3;1;7;0;6;0;1;31,0;34,9;61,3;10,5;2234,0;4451,0;6685,0;41882,0;3900,0;2,77;2012-07-28
576;2012-07-29;3;1;7;0;0;0;1;29,6;33,4;62,4;11,4;2153,0;4444,0;6597,0;41882,0;3900,0;2,77;2012-07-29
577;2012-07-30;3;1;7;0;1;1;1;30,0;34,2;66,9;10,3;1040,0;6065,0;7105,0;41882,0;3900,0;2,77;2012-07-30
578;2012-07-31;3;1;7;0;2;1;1;29,2;33,1;70,4;11,1;968,0;6248,0;7216,0;41882,0;3900,0;2,77;2012-07-31
579;2012-08-01;3;1;8;0;3;1;1;29,4;33,4;67,8;9,5;1074,0;6506,0;7580,0;41882,0;3900,0;3,08;2012-08-01
580;2012-08-02;3;1;8;0;4;1;1;30,9;35,4;66,0;8,7;983,0;6278,0;7261,0;41882,0;3900,0;3,08;2012-08-02
581;2012-08-03;3;1;8;0;5;1;2;31,4;36,1;64,3;14,5;1328,0;5847,0;7175,0;41882,0;3900,0;3,08;2012-08-03
582;2012-08-04;3;1;8;0;6;0;1;32,5;37,6;61,3;17,2;2345,0;4479,0;6824,0;41882,0;3900,0;3,08;2012-08-04
583;2012-08-05;3;1;8;0;0;0;1;31,5;36,6;65,3;19,5;1707,0;3757,0;5464,0;41882,0;3900,0;3,08;2012-08-05
584;2012-08-06;3;1;8;0;1;1;2;30,9;35,5;65,4;8,7;1233,0;5780,0;7013,0;41882,0;3900,0;3,08;2012-08-06
585;2012-08-07;3;1;8;0;2;1;2;30,2;34,9;70,4;7,8;1278,0;5995,0;7273,0;41882,0;3900,0;3,08;2012-08-07
586;2012-08-08;3;1;8;0;3;1;2;30,8;35,4;67,3;7,4;1263,0;6271,0;7534,0;41882,0;3900,0;3,08;2012-08-08
587;2012-08-09;3;1;8;0;4;1;1;31,0;35,0;62,0;10,5;1196,0;6090,0;7286,0;41882,0;3900,0;3,08;2012-08-09
588;2012-08-10;3;1;8;0;5;1;2;29,3;33,4;71,6;16,0;1065,0;4721,0;5786,0;41882,0;3900,0;3,08;2012-08-10
589;2012-08-11;3;1;8;0;6;0;2;28,4;31,9;73,3;13,8;2247,0;4052,0;6299,0;41882,0;3900,0;3,08;2012-08-11
590;2012-08-12;3;1;8;0;0;0;1;28,7;32,2;53,0;8,2;2182,0;4362,0;6544,0;41882,0;3900,0;3,08;2012-08-12
591;2012-08-13;3;1;8;0;1;1;1;29,6;33,1;54,5;9,1;1207,0;5676,0;6883,0;41882,0;3900,0;3,08;2012-08-13
592;2012-08-14;3;1;8;0;2;1;1;29,8;33,8;68,7;11,3;1128,0;5656,0;6784,0;41882,0;3900,0;3,08;2012-08-14
593;2012-08-15;3;1;8;0;3;1;1;29,0;32,7;62,0;11,4;1198,0;6149,0;7347,0;41882,0;3900,0;3,08;2012-08-15
594;2012-08-16;3;1;8;0;4;1;1;29,5;32,7;51,9;9,5;1338,0;6267,0;7605,0;41882,0;3900,0;3,08;2012-08-16
595;2012-08-17;3;1;8;0;5;1;1;29,7;12,1;57,1;15,5;1483,0;5665,0;7148,0;41882,0;3900,0;3,08;2012-08-17
596;2012-08-18;3;1;8;0;6;0;1;27,8;30,9;60,3;11,9;2827,0;5038,0;7865,0;41882,0;3900,0;3,08;2012-08-18
597;2012-08-19;3;1;8;0;0;0;2;26,1;30,2;71,2;5,8;1208,0;3341,0;4549,0;41882,0;3900,0;3,08;2012-08-19
598;2012-08-20;3;1;8;0;1;1;2;26,1;29,8;73,4;8,7;1026,0;5504,0;6530,0;41882,0;3900,0;3,08;2012-08-20
599;2012-08-21;3;1;8;0;2;1;1;26,6;30,1;67,4;4,9;1081,0;5925,0;7006,0;41882,0;3900,0;3,08;2012-08-21
600;2012-08-22;3;1;8;0;3;1;1;27,4;31,1;67,7;4,7;1094,0;6281,0;7375,0;41882,0;3900,0;3,08;2012-08-22
601;2012-08-23;3;1;8;0;4;1;1;28,5;31,9;63,6;5,7;1363,0;6402,0;7765,0;41882,0;3900,0;3,08;2012-08-23
602;2012-08-24;3;1;8;0;5;1;2;28,8;32,4;61,5;4,8;1325,0;6257,0;7582,0;41882,0;3900,0;3,08;2012-08-24
603;2012-08-25;3;1;8;0;6;0;2;27,1;30,9;71,3;16,4;1829,0;4224,0;6053,0;41882,0;3900,0;3,08;2012-08-25
604;2012-08-26;3;1;8;0;0;0;2;26,8;29,8;84,6;15,3;1483,0;3772,0;5255,0;41882,0;3900,0;3,08;2012-08-26
605;2012-08-27;3;1;8;0;1;1;1;28,8;32,7;73,0;8,6;989,0;5928,0;6917,0;41882,0;3900,0;3,08;2012-08-27
606;2012-08-28;3;1;8;0;2;1;1;29,9;33,3;62,0;12,8;935,0;6105,0;7040,0;41882,0;3900,0;3,08;2012-08-28
607;2012-08-29;3;1;8;0;3;1;1;28,1;31,8;55,2;7,5;1177,0;6520,0;7697,0;41882,0;3900,0;3,08;2012-08-29
608;2012-08-30;3;1;8;0;4;1;1;29,0;32,6;59,0;5,2;1172,0;6541,0;7713,0;41882,0;3900,0;3,08;2012-08-30
609;2012-08-31;3;1;8;0;5;1;1;31,3;34,5;58,8;11,3;1433,0;5917,0;7350,0;41882,0;3900,0;3,08;2012-08-31
610;2012-09-01;3;1;9;0;6;0;2;30,9;35,1;63,8;7,6;2352,0;3788,0;6140,0;41882,0;3900,0;2,88;2012-09-01
611;2012-09-02;3;1;9;0;0;0;2;28,6;32,5;81,5;4,3;2613,0;3197,0;5810,0;41882,0;3900,0;2,88;2012-09-02
612;2012-09-03;3;1;9;1;1;0;1;29,0;33,1;79,1;10,1;1965,0;4069,0;6034,0;41882,0;3900,0;2,88;2012-09-03
613;2012-09-04;3;1;9;0;2;1;1;29,8;34,3;75,5;15,8;867,0;5997,0;6864,0;41882,0;3900,0;2,88;2012-09-04
614;2012-09-05;3;1;9;0;3;1;1;30,2;35,4;74,1;12,6;832,0;6280,0;7112,0;41882,0;3900,0;2,88;2012-09-05
615;2012-09-06;3;1;9;0;4;1;2;28,6;32,8;81,0;9,5;611,0;5592,0;6203,0;41882,0;3900,0;2,88;2012-09-06
616;2012-09-07;3;1;9;0;5;1;1;28,8;32,9;73,6;11,5;1045,0;6459,0;7504,0;41882,0;3900,0;2,88;2012-09-07
617;2012-09-08;3;1;9;0;6;0;2;27,0;30,6;79,9;18,8;1557,0;4419,0;5976,0;41882,0;3900,0;2,88;2012-09-08
618;2012-09-09;3;1;9;0;0;0;1;25,0;28,9;54,8;15,0;2570,0;5657,0;8227,0;41882,0;3900,0;2,88;2012-09-09
619;2012-09-10;3;1;9;0;1;1;1;23,9;28,3;50,4;17,3;1118,0;6407,0;7525,0;41882,0;3900,0;2,88;2012-09-10
620;2012-09-11;3;1;9;0;2;1;1;23,7;27,7;52,0;6,2;1070,0;6697,0;7767,0;41882,0;3900,0;2,88;2012-09-11
621;2012-09-12;3;1;9;0;3;1;1;24,6;28,5;57,7;8,8;1050,0;6820,0;7870,0;41882,0;3900,0;2,88;2012-09-12
622;2012-09-13;3;1;9;0;4;1;1;25,1;29,0;63,7;5,5;1054,0;6750,0;7804,0;41882,0;3900,0;2,88;2012-09-13
623;2012-09-14;3;1;9;0;5;1;1;26,0;29,7;67,3;7,0;1379,0;6630,0;8009,0;41882,0;3900,0;2,88;2012-09-14
624;2012-09-15;3;1;9;0;6;0;1;24,9;29,3;50,2;16,6;3160,0;5554,0;8714,0;41882,0;3900,0;2,88;2012-09-15
625;2012-09-16;3;1;9;0;0;0;1;23,8;28,2;57,0;6,0;2166,0;5167,0;7333,0;41882,0;3900,0;2,88;2012-09-16
626;2012-09-17;3;1;9;0;1;1;2;23,8;27,7;73,5;10,2;1022,0;5847,0;6869,0;41882,0;3900,0;2,88;2012-09-17
627;2012-09-18;3;1;9;0;2;1;2;25,6;28,3;87,3;24,0;371,0;3702,0;4073,0;41882,0;3900,0;2,88;2012-09-18
628;2012-09-19;3;1;9;0;3;1;1;22,7;27,0;53,7;14,4;788,0;6803,0;7591,0;41882,0;3900,0;2,88;2012-09-19
629;2012-09-20;3;1;9;0;4;1;1;22,4;26,6;61,8;7,9;939,0;6781,0;7720,0;41882,0;3900,0;2,88;2012-09-20
630;2012-09-21;3;1;9;0;5;1;1;24,6;28,6;66,9;10,3;1250,0;6917,0;8167,0;41882,0;3900,0;2,88;2012-09-21
631;2012-09-22;3;1;9;0;6;0;1;26,7;30,5;64,7;19,0;2512,0;5883,0;8395,0;41882,0;3900,0;2,88;2012-09-22
632;2012-09-23;4;1;9;0;0;0;1;21,7;25,9;46,7;15,0;2454,0;5453,0;7907,0;41882,0;3900,0;2,88;2012-09-23
633;2012-09-24;4;1;9;0;1;1;1;21,1;25,1;49,3;9,5;1001,0;6435,0;7436,0;41882,0;3900,0;2,88;2012-09-24
634;2012-09-25;4;1;9;0;2;1;1;22,6;27,2;57,0;15,8;845,0;6693,0;7538,0;41882,0;3900,0;2,88;2012-09-25
635;2012-09-26;4;1;9;0;3;1;1;26,0;29,8;63,1;16,4;787,0;6946,0;7733,0;41882,0;3900,0;2,88;2012-09-26
636;2012-09-27;4;1;9;0;4;1;2;26,7;30,4;69,1;9,0;751,0;6642,0;7393,0;41882,0;3900,0;2,88;2012-09-27
637;2012-09-28;4;1;9;0;5;1;2;25,4;29,3;69,0;11,0;1045,0;6370,0;7415,0;41882,0;3900,0;2,88;2012-09-28
638;2012-09-29;4;1;9;0;6;0;1;22,2;26,5;54,3;15,2;2589,0;5966,0;8555,0;41882,0;3900,0;2,88;2012-09-29
639;2012-09-30;4;1;9;0;0;0;1;21,6;25,9;58,3;9,0;2015,0;4874,0;6889,0;41882,0;3900,0;2,88;2012-09-30
640;2012-10-01;4;1;10;0;1;1;2;21,4;25,6;64,9;6,1;763,0;6015,0;6778,0;41699,0;3800,0;2,13;2012-10-01
641;2012-10-02;4;1;10;0;2;1;3;24,2;27,1;87,2;7,0;315,0;4324,0;4639,0;41699,0;3800,0;2,13;2012-10-02
642;2012-10-03;4;1;10;0;3;1;2;27,0;30,0;79,4;4,5;728,0;6844,0;7572,0;41699,0;3800,0;2,13;2012-10-03
643;2012-10-04;4;1;10;0;4;1;2;27,0;30,4;72,3;7,9;891,0;6437,0;7328,0;41699,0;3800,0;2,13;2012-10-04
644;2012-10-05;4;1;10;0;5;1;1;25,2;29,0;62,8;7,1;1516,0;6640,0;8156,0;41699,0;3800,0;2,13;2012-10-05
645;2012-10-06;4;1;10;0;6;0;1;22,7;26,9;66,4;18,0;3031,0;4934,0;7965,0;41699,0;3800,0;2,13;2012-10-06
646;2012-10-07;4;1;10;0;0;0;2;17,0;21,0;70,8;9,5;781,0;2729,0;3510,0;41699,0;3800,0;2,13;2012-10-07
647;2012-10-08;4;1;10;1;1;0;2;15,7;19,4;71,0;12,7;874,0;4604,0;5478,0;41699,0;3800,0;2,13;2012-10-08
648;2012-10-09;4;1;10;0;2;1;2;18,3;21,9;76,2;12,8;601,0;5791,0;6392,0;41699,0;3800,0;2,13;2012-10-09
649;2012-10-10;4;1;10;0;3;1;1;21,1;25,2;63,1;12,6;780,0;6911,0;7691,0;41699,0;3800,0;2,13;2012-10-10
650;2012-10-11;4;1;10;0;4;1;1;17,8;21,6;46,3;12,2;834,0;6736,0;7570,0;41699,0;3800,0;2,13;2012-10-11
651;2012-10-12;4;1;10;0;5;1;1;17,9;21,7;53,9;15,8;1060,0;6222,0;7282,0;41699,0;3800,0;2,13;2012-10-12
652;2012-10-13;4;1;10;0;6;0;1;16,1;19,6;49,5;9,8;2252,0;4857,0;7109,0;41699,0;3800,0;2,13;2012-10-13
653;2012-10-14;4;1;10;0;0;0;1;21,4;25,4;64,0;18,7;2080,0;4559,0;6639,0;41699,0;3800,0;2,13;2012-10-14
654;2012-10-15;4;1;10;0;1;1;2;23,0;27,0;70,8;19,8;760,0;5115,0;5875,0;41699,0;3800,0;2,13;2012-10-15
655;2012-10-16;4;1;10;0;2;1;1;19,2;23,0;55,8;12,2;922,0;6612,0;7534,0;41699,0;3800,0;2,13;2012-10-16
656;2012-10-17;4;1;10;0;3;1;1;18,7;22,5;69,3;6,8;979,0;6482,0;7461,0;41699,0;3800,0;2,13;2012-10-17
657;2012-10-18;4;1;10;0;4;1;2;21,4;25,6;72,8;15,9;1008,0;6501,0;7509,0;41699,0;3800,0;2,13;2012-10-18
658;2012-10-19;4;1;10;0;5;1;2;23,1;26,9;81,5;9,0;753,0;4671,0;5424,0;41699,0;3800,0;2,13;2012-10-19
659;2012-10-20;4;1;10;0;6;0;1;19,9;23,6;57,3;7,9;2806,0;5284,0;8090,0;41699,0;3800,0;2,13;2012-10-20
660;2012-10-21;4;1;10;0;0;0;1;19,0;22,8;51,0;11,1;2132,0;4692,0;6824,0;41699,0;3800,0;2,13;2012-10-21
661;2012-10-22;4;1;10;0;1;1;1;20,0;24,1;56,8;5,5;830,0;6228,0;7058,0;41699,0;3800,0;2,13;2012-10-22
662;2012-10-23;4;1;10;0;2;1;1;22,3;26,5;64,2;6,3;841,0;6625,0;7466,0;41699,0;3800,0;2,13;2012-10-23
663;2012-10-24;4;1;10;0;3;1;1;24,1;27,9;63,6;4,9;795,0;6898,0;7693,0;41699,0;3800,0;2,13;2012-10-24
664;2012-10-25;4;1;10;0;4;1;2;22,6;26,5;80,0;8,3;875,0;6484,0;7359,0;41699,0;3800,0;2,13;2012-10-25
665;2012-10-26;4;1;10;0;5;1;2;22,4;26,1;80,7;8,9;1182,0;6262,0;7444,0;41699,0;3800,0;2,13;2012-10-26
666;2012-10-27;4;1;10;0;6;0;2;21,7;25,8;72,0;15,8;2643,0;5209,0;7852,0;41699,0;3800,0;2,13;2012-10-27
667;2012-10-28;4;1;10;0;0;0;2;19,6;23,4;69,5;26,7;998,0;3461,0;4459,0;41699,0;3800,0;2,13;2012-10-28
668;2012-10-29;4;1;10;0;1;1;3;18,0;22,0;88,0;24,0;2,0;20,0;22,0;41699,0;3800,0;2,13;2012-10-29
669;2012-10-30;4;1;10;0;2;1;2;13,0;15,5;82,5;14,3;87,0;1009,0;1096,0;41699,0;3800,0;2,13;2012-10-30
670;2012-10-31;4;1;10;0;3;1;2;14,7;18,1;66,7;11,2;419,0;5147,0;5566,0;41699,0;3800,0;2,13;2012-10-31
671;2012-11-01;4;1;11;0;4;1;2;15,0;18,5;58,2;10,5;466,0;5520,0;5986,0;41699,0;3800,0;1,89;2012-11-01
672;2012-11-02;4;1;11;0;5;1;1;14,6;17,8;52,2;17,8;618,0;5229,0;5847,0;41699,0;3800,0;1,89;2012-11-02
673;2012-11-03;4;1;11;0;6;0;2;14,1;16,2;49,1;18,1;1029,0;4109,0;5138,0;41699,0;3800,0;1,89;2012-11-03
674;2012-11-04;4;1;11;0;0;0;1;13,4;16,5;53,3;12,0;1201,0;3906,0;5107,0;41699,0;3800,0;1,89;2012-11-04
675;2012-11-05;4;1;11;0;1;1;1;13,1;15,4;49,4;15,8;378,0;4881,0;5259,0;41699,0;3800,0;1,89;2012-11-05
676;2012-11-06;4;1;11;0;2;1;1;11,5;14,1;56,7;11,6;466,0;5220,0;5686,0;41699,0;3800,0;1,89;2012-11-06
677;2012-11-07;4;1;11;0;3;1;2;12,1;13,7;54,8;20,4;326,0;4709,0;5035,0;41699,0;3800,0;1,89;2012-11-07
678;2012-11-08;4;1;11;0;4;1;1;14,4;17,1;33,3;23,3;340,0;4975,0;5315,0;41699,0;3800,0;1,89;2012-11-08
679;2012-11-09;4;1;11;0;5;1;1;14,8;17,8;54,1;14,4;709,0;5283,0;5992,0;41699,0;3800,0;1,89;2012-11-09
680;2012-11-10;4;1;11;0;6;0;1;16,0;19,7;64,5;3,9;2090,0;4446,0;6536,0;41699,0;3800,0;1,89;2012-11-10
681;2012-11-11;4;1;11;0;0;0;1;17,3;21,1;65,9;8,5;2290,0;4562,0;6852,0;41699,0;3800,0;1,89;2012-11-11
682;2012-11-12;4;1;11;1;1;0;1;19,9;23,8;74,2;11,6;1097,0;5172,0;6269,0;41699,0;3800,0;1,89;2012-11-12
683;2012-11-13;4;1;11;0;2;1;2;14,1;16,2;66,3;22,9;327,0;3767,0;4094,0;41699,0;3800,0;1,89;2012-11-13
684;2012-11-14;4;1;11;0;3;1;1;11,9;14,1;55,2;13,4;373,0;5122,0;5495,0;41699,0;3800,0;1,89;2012-11-14
685;2012-11-15;4;1;11;0;4;1;2;13,2;16,2;62,0;10,3;320,0;5125,0;5445,0;41699,0;3800,0;1,89;2012-11-15
686;2012-11-16;4;1;11;0;5;1;1;14,1;17,4;52,5;11,5;484,0;5214,0;5698,0;41699,0;3800,0;1,89;2012-11-16
687;2012-11-17;4;1;11;0;6;0;1;13,3;16,3;54,5;12,0;1313,0;4316,0;5629,0;41699,0;3800,0;1,89;2012-11-17
688;2012-11-18;4;1;11;0;0;0;1;14,0;16,9;69,3;15,3;922,0;3747,0;4669,0;41699,0;3800,0;1,89;2012-11-18
689;2012-11-19;4;1;11;0;1;1;2;15,6;18,8;62,3;15,7;449,0;5050,0;5499,0;41699,0;3800,0;1,89;2012-11-19
690;2012-11-20;4;1;11;0;2;1;2;15,3;19,0;68,5;5,5;534,0;5100,0;5634,0;41699,0;3800,0;1,89;2012-11-20
691;2012-11-21;4;1;11;0;3;1;1;14,5;18,2;61,4;6,9;615,0;4531,0;5146,0;41699,0;3800,0;1,89;2012-11-21
692;2012-11-22;4;1;11;1;4;0;1;13,9;17,5;58,0;3,5;955,0;1470,0;2425,0;41699,0;3800,0;1,89;2012-11-22
693;2012-11-23;4;1;11;0;5;1;1;15,1;18,9;56,9;9,9;1603,0;2307,0;3910,0;41699,0;3800,0;1,89;2012-11-23
694;2012-11-24;4;1;11;0;6;0;1;11,4;12,4;40,5;25,3;532,0;1745,0;2277,0;41699,0;3800,0;1,89;2012-11-24
695;2012-11-25;4;1;11;0;0;0;1;10,1;12,9;46,8;10,1;309,0;2115,0;2424,0;41699,0;3800,0;1,89;2012-11-25
696;2012-11-26;4;1;11;0;1;1;1;12,8;17,0;53,5;3,1;337,0;4750,0;5087,0;41699,0;3800,0;1,89;2012-11-26
697;2012-11-27;4;1;11;0;2;1;2;12,0;14,1;78,7;15,9;123,0;3836,0;3959,0;41699,0;3800,0;1,89;2012-11-27
698;2012-11-28;4;1;11;0;3;1;1;12,2;14,5;50,6;14,1;198,0;5062,0;5260,0;41699,0;3800,0;1,89;2012-11-28
699;2012-11-29;4;1;11;0;4;1;1;11,5;14,9;55,6;7,7;243,0;5080,0;5323,0;41699,0;3800,0;1,89;2012-11-29
700;2012-11-30;4;1;11;0;5;1;1;12,2;16,2;65,0;3,9;362,0;5306,0;5668,0;41699,0;3800,0;1,89;2012-11-30
701;2012-12-01;4;1;12;0;6;0;2;12,2;15,8;80,7;4,0;951,0;4240,0;5191,0;41699,0;3800,0;1,92;2012-12-01
702;2012-12-02;4;1;12;0;0;0;2;14,2;18,0;82,3;8,3;892,0;3757,0;4649,0;41699,0;3800,0;1,92;2012-12-02
703;2012-12-03;4;1;12;0;1;1;1;18,6;22,8;76,8;5,5;555,0;5679,0;6234,0;41699,0;3800,0;1,92;2012-12-03
704;2012-12-04;4;1;12;0;2;1;1;19,5;23,5;73,4;11,7;551,0;6055,0;6606,0;41699,0;3800,0;1,92;2012-12-04
705;2012-12-05;4;1;12;0;3;1;1;18,0;21,4;48,5;21,7;331,0;5398,0;5729,0;41699,0;3800,0;1,92;2012-12-05
706;2012-12-06;4;1;12;0;4;1;1;10,5;12,9;50,9;11,7;340,0;5035,0;5375,0;41699,0;3800,0;1,92;2012-12-06
707;2012-12-07;4;1;12;0;5;1;2;13,2;16,1;76,4;8,8;349,0;4659,0;5008,0;41699,0;3800,0;1,92;2012-12-07
708;2012-12-08;4;1;12;0;6;0;2;15,6;19,5;91,1;6,8;1153,0;4429,0;5582,0;41699,0;3800,0;1,92;2012-12-08
709;2012-12-09;4;1;12;0;0;0;2;15,8;19,5;90,5;10,6;441,0;2787,0;3228,0;41699,0;3800,0;1,92;2012-12-09
710;2012-12-10;4;1;12;0;1;1;2;17,9;21,8;92,5;12,8;329,0;4841,0;5170,0;41699,0;3800,0;1,92;2012-12-10
711;2012-12-11;4;1;12;0;2;1;2;14,5;16,9;59,7;19,8;282,0;5219,0;5501,0;41699,0;3800,0;1,92;2012-12-11
712;2012-12-12;4;1;12;0;3;1;2;12,2;14,9;53,8;10,9;310,0;5009,0;5319,0;41699,0;3800,0;1,92;2012-12-12
713;2012-12-13;4;1;12;0;4;1;1;12,1;14,7;48,6;11,7;425,0;5107,0;5532,0;41699,0;3800,0;1,92;2012-12-13
714;2012-12-14;4;1;12;0;5;1;1;11,5;14,7;64,3;8,8;429,0;5182,0;5611,0;41699,0;3800,0;1,92;2012-12-14
715;2012-12-15;4;1;12;0;6;0;1;13,3;16,9;65,0;7,1;767,0;4280,0;5047,0;41699,0;3800,0;1,92;2012-12-15
716;2012-12-16;4;1;12;0;0;0;2;14,9;18,5;83,9;6,7;538,0;3248,0;3786,0;41699,0;3800,0;1,92;2012-12-16
717;2012-12-17;4;1;12;0;1;1;2;16,1;20,1;90,7;6,6;212,0;4373,0;4585,0;41699,0;3800,0;1,92;2012-12-17
718;2012-12-18;4;1;12;0;2;1;1;16,8;20,5;66,6;14,8;433,0;5124,0;5557,0;41699,0;3800,0;1,92;2012-12-18
719;2012-12-19;4;1;12;0;3;1;1;13,6;17,1;62,5;12,3;333,0;4934,0;5267,0;41699,0;3800,0;1,92;2012-12-19
720;2012-12-20;4;1;12;0;4;1;2;13,5;16,8;66,8;8,9;314,0;3814,0;4128,0;41699,0;3800,0;1,92;2012-12-20
721;2012-12-21;1;1;12;0;5;1;2;13,4;15,1;55,7;25,1;221,0;3402,0;3623,0;41699,0;3800,0;1,92;2012-12-21
722;2012-12-22;1;1;12;0;6;0;1;10,9;11,8;44,1;27,3;205,0;1544,0;1749,0;41699,0;3800,0;1,92;2012-12-22
723;2012-12-23;1;1;12;0;0;0;1;10,1;13,0;51,5;8,9;408,0;1379,0;1787,0;41699,0;3800,0;1,92;2012-12-23
724;2012-12-24;1;1;12;0;1;1;2;9,5;12,9;79,1;5,2;174,0;746,0;920,0;41699,0;3800,0;1,92;2012-12-24
725;2012-12-25;1;1;12;1;2;0;2;11,9;14,7;73,5;11,3;440,0;573,0;1013,0;41699,0;3800,0;1,92;2012-12-25
726;2012-12-26;1;1;12;0;3;1;3;10,0;11,0;82,3;21,2;9,0;432,0;441,0;41699,0;3800,0;1,92;2012-12-26
727;2012-12-27;1;1;12;0;4;1;2;10,4;11,3;65,3;23,5;247,0;1867,0;2114,0;41699,0;3800,0;1,92;2012-12-27
728;2012-12-28;1;1;12;0;5;1;2;10,4;12,8;59,0;10,4;644,0;2451,0;3095,0;41699,0;3800,0;1,92;2012-12-28
729;2012-12-29;1;1;12;0;6;0;2;10,4;12,1;75,3;8,3;159,0;1182,0;1341,0;41699,0;3800,0;1,92;2012-12-29
730;2012-12-30;1;1;12;0;0;0;1;10,5;11,6;48,3;23,5;364,0;1432,0;1796,0;41699,0;3800,0;1,92;2012-12-30
731;2012-12-31;1;1;12;0;1;1;2;8,8;11,2;57,8;10,4;439,0;2290,0;2729,0;41699,0;3800,0;1,92;2012-12-31
